timestamp,switch,in_port,out_port,src_mac,dst_mac,action,notes
2025-11-12T16:29:52.173145+00:00,1,28,2,b4:ce:f6:a7:a3:c2,44:65:0d:56:cc:d3,forward,
2025-11-12T16:29:53.878823+00:00,1,2,28,44:65:0d:56:cc:d3,b4:ce:f6:a7:a3:c2,forward,
2025-11-12T16:29:57.195615+00:00,1,25,2,40:f3:08:ff:1e:da,44:65:0d:56:cc:d3,forward,
2025-11-12T16:29:57.206487+00:00,1,25,2,40:f3:08:ff:1e:da,44:65:0d:56:cc:d3,forward,
2025-11-12T16:29:58.798001+00:00,1,25,2,40:f3:08:ff:1e:da,44:65:0d:56:cc:d3,forward,
2025-11-12T16:29:58.810084+00:00,1,13,2,ec:1a:59:83:28:11,44:65:0d:56:cc:d3,forward,
2025-11-12T16:30:00.425856+00:00,1,13,2,ec:1a:59:83:28:11,44:65:0d:56:cc:d3,forward,
2025-11-12T16:30:00.438845+00:00,1,2,13,44:65:0d:56:cc:d3,ec:1a:59:83:28:11,forward,
2025-11-12T16:30:03.414139+00:00,1,10,2,ec:1a:59:79:f4:89,44:65:0d:56:cc:d3,forward,
2025-11-12T16:30:03.427026+00:00,1,10,2,ec:1a:59:79:f4:89,44:65:0d:56:cc:d3,forward,
2025-11-12T16:30:05.080865+00:00,1,2,10,44:65:0d:56:cc:d3,ec:1a:59:79:f4:89,forward,
2025-11-12T16:30:07.725082+00:00,1,17,2,74:6a:89:00:2e:25,44:65:0d:56:cc:d3,forward,
2025-11-12T16:30:07.736847+00:00,1,17,2,74:6a:89:00:2e:25,44:65:0d:56:cc:d3,forward,
2025-11-12T16:30:09.333302+00:00,1,17,2,74:6a:89:00:2e:25,44:65:0d:56:cc:d3,forward,
2025-11-12T16:30:09.348971+00:00,1,2,17,44:65:0d:56:cc:d3,74:6a:89:00:2e:25,forward,
2025-11-12T16:30:12.286369+00:00,1,6,2,30:8c:fb:2f:e4:b2,44:65:0d:56:cc:d3,forward,
2025-11-12T16:30:12.298245+00:00,1,6,2,30:8c:fb:2f:e4:b2,44:65:0d:56:cc:d3,forward,
2025-11-12T16:30:13.801636+00:00,1,6,2,30:8c:fb:2f:e4:b2,44:65:0d:56:cc:d3,forward,
2025-11-12T16:30:13.813811+00:00,1,2,6,44:65:0d:56:cc:d3,30:8c:fb:2f:e4:b2,forward,
2025-11-12T16:30:17.067707+00:00,1,31,2,14:cc:20:51:33:ea,44:65:0d:56:cc:d3,forward,
2025-11-12T16:30:17.079722+00:00,1,31,2,14:cc:20:51:33:ea,44:65:0d:56:cc:d3,forward,
2025-11-12T16:30:18.496215+00:00,1,22,2,70:5a:0f:e4:9b:c0,44:65:0d:56:cc:d3,forward,
2025-11-12T16:30:20.397733+00:00,1,22,2,70:5a:0f:e4:9b:c0,44:65:0d:56:cc:d3,forward,
2025-11-12T16:30:20.416318+00:00,1,2,22,44:65:0d:56:cc:d3,70:5a:0f:e4:9b:c0,forward,
2025-11-12T16:30:24.328299+00:00,1,12,2,74:c6:3b:29:d7:1d,44:65:0d:56:cc:d3,forward,
2025-11-12T16:30:24.342453+00:00,1,12,2,74:c6:3b:29:d7:1d,44:65:0d:56:cc:d3,forward,
2025-11-12T16:30:25.311423+00:00,1,8,2,e8:ab:fa:19:de:4f,44:65:0d:56:cc:d3,forward,
2025-11-12T16:30:26.852246+00:00,1,2,8,44:65:0d:56:cc:d3,e8:ab:fa:19:de:4f,forward,
2025-11-12T16:30:29.967820+00:00,1,7,2,00:62:6e:51:27:2e,44:65:0d:56:cc:d3,forward,
2025-11-12T16:30:29.979742+00:00,1,7,2,00:62:6e:51:27:2e,44:65:0d:56:cc:d3,forward,
2025-11-12T16:30:31.564590+00:00,1,7,2,00:62:6e:51:27:2e,44:65:0d:56:cc:d3,forward,
2025-11-12T16:30:31.588237+00:00,1,2,7,44:65:0d:56:cc:d3,00:62:6e:51:27:2e,forward,
2025-11-12T16:30:34.702702+00:00,1,29,2,d0:a6:37:df:a1:e1,44:65:0d:56:cc:d3,forward,
2025-11-12T16:30:34.713987+00:00,1,29,2,d0:a6:37:df:a1:e1,44:65:0d:56:cc:d3,forward,
2025-11-12T16:30:36.260987+00:00,1,29,2,d0:a6:37:df:a1:e1,44:65:0d:56:cc:d3,forward,
2025-11-12T16:30:36.275092+00:00,1,26,2,74:2f:68:81:69:42,44:65:0d:56:cc:d3,forward,
2025-11-12T16:30:37.895284+00:00,1,2,26,44:65:0d:56:cc:d3,74:2f:68:81:69:42,forward,
2025-11-12T16:30:37.908042+00:00,1,26,2,74:2f:68:81:69:42,44:65:0d:56:cc:d3,forward,
2025-11-12T16:30:41.050103+00:00,1,19,2,d0:73:d5:01:83:08,44:65:0d:56:cc:d3,forward,
2025-11-12T16:30:41.067023+00:00,1,19,2,d0:73:d5:01:83:08,44:65:0d:56:cc:d3,forward,
2025-11-12T16:30:42.684053+00:00,1,19,2,d0:73:d5:01:83:08,44:65:0d:56:cc:d3,forward,
2025-11-12T16:30:42.696680+00:00,1,27,2,ac:bc:32:d4:6f:2f,44:65:0d:56:cc:d3,forward,
2025-11-12T16:30:44.151858+00:00,1,27,2,ac:bc:32:d4:6f:2f,44:65:0d:56:cc:d3,forward,
2025-11-12T16:30:44.171143+00:00,1,2,27,44:65:0d:56:cc:d3,ac:bc:32:d4:6f:2f,forward,
2025-11-12T16:30:47.100689+00:00,1,30,2,f4:5c:89:93:cc:85,44:65:0d:56:cc:d3,forward,
2025-11-12T16:30:47.132265+00:00,1,30,2,f4:5c:89:93:cc:85,44:65:0d:56:cc:d3,forward,
2025-11-12T16:30:48.242808+00:00,1,30,2,f4:5c:89:93:cc:85,44:65:0d:56:cc:d3,forward,
2025-11-12T16:30:48.254774+00:00,1,2,30,44:65:0d:56:cc:d3,f4:5c:89:93:cc:85,forward,
2025-11-12T16:37:31.085833+00:00,1,28,2,b4:ce:f6:a7:a3:c2,44:65:0d:56:cc:d3,forward,
2025-11-12T16:37:32.302518+00:00,1,28,2,b4:ce:f6:a7:a3:c2,44:65:0d:56:cc:d3,forward,
2025-11-12T16:37:32.314333+00:00,1,28,2,b4:ce:f6:a7:a3:c2,44:65:0d:56:cc:d3,forward,
2025-11-12T16:37:32.316064+00:00,1,2,28,44:65:0d:56:cc:d3,b4:ce:f6:a7:a3:c2,forward,
2025-11-12T16:37:35.704794+00:00,1,25,2,40:f3:08:ff:1e:da,44:65:0d:56:cc:d3,forward,
2025-11-12T16:37:35.728991+00:00,1,25,2,40:f3:08:ff:1e:da,44:65:0d:56:cc:d3,forward,
2025-11-12T16:37:37.260319+00:00,1,25,2,40:f3:08:ff:1e:da,44:65:0d:56:cc:d3,forward,
2025-11-12T16:37:37.270859+00:00,1,13,2,ec:1a:59:83:28:11,44:65:0d:56:cc:d3,forward,
2025-11-12T16:37:38.857424+00:00,1,13,2,ec:1a:59:83:28:11,44:65:0d:56:cc:d3,forward,
2025-11-12T16:37:38.873597+00:00,1,2,13,44:65:0d:56:cc:d3,ec:1a:59:83:28:11,forward,
2025-11-12T16:37:42.014469+00:00,1,10,2,ec:1a:59:79:f4:89,44:65:0d:56:cc:d3,forward,
2025-11-12T16:37:42.027517+00:00,1,10,2,ec:1a:59:79:f4:89,44:65:0d:56:cc:d3,forward,
2025-11-12T16:37:45.245639+00:00,1,10,2,ec:1a:59:79:f4:89,44:65:0d:56:cc:d3,forward,
2025-11-12T16:37:46.826229+00:00,1,17,2,74:6a:89:00:2e:25,44:65:0d:56:cc:d3,forward,
2025-11-12T16:37:48.207920+00:00,1,17,2,74:6a:89:00:2e:25,44:65:0d:56:cc:d3,forward,
2025-11-12T16:37:49.033806+00:00,1,17,2,74:6a:89:00:2e:25,44:65:0d:56:cc:d3,forward,
2025-11-12T16:37:49.045960+00:00,1,6,2,30:8c:fb:2f:e4:b2,44:65:0d:56:cc:d3,forward,
2025-11-12T16:37:50.228027+00:00,1,6,2,30:8c:fb:2f:e4:b2,44:65:0d:56:cc:d3,forward,
2025-11-12T16:37:51.496669+00:00,1,6,2,30:8c:fb:2f:e4:b2,44:65:0d:56:cc:d3,forward,
2025-11-12T16:37:51.505851+00:00,1,31,2,14:cc:20:51:33:ea,44:65:0d:56:cc:d3,forward,
2025-11-12T16:37:53.383295+00:00,1,31,2,14:cc:20:51:33:ea,44:65:0d:56:cc:d3,forward,
2025-11-12T16:37:53.391619+00:00,1,31,2,14:cc:20:51:33:ea,44:65:0d:56:cc:d3,forward,
2025-11-12T16:37:53.413178+00:00,1,22,2,70:5a:0f:e4:9b:c0,44:65:0d:56:cc:d3,forward,
2025-11-12T16:37:53.416833+00:00,1,22,2,70:5a:0f:e4:9b:c0,44:65:0d:56:cc:d3,forward,
2025-11-12T16:37:53.420527+00:00,1,22,2,70:5a:0f:e4:9b:c0,44:65:0d:56:cc:d3,forward,
2025-11-12T16:37:53.422518+00:00,1,2,22,44:65:0d:56:cc:d3,70:5a:0f:e4:9b:c0,forward,
2025-11-12T16:37:53.440953+00:00,1,12,2,74:c6:3b:29:d7:1d,44:65:0d:56:cc:d3,forward,
2025-11-12T16:37:53.444358+00:00,1,2,12,44:65:0d:56:cc:d3,74:c6:3b:29:d7:1d,forward,
2025-11-12T16:37:53.464306+00:00,1,8,2,e8:ab:fa:19:de:4f,44:65:0d:56:cc:d3,forward,
2025-11-12T16:37:53.468262+00:00,1,2,8,44:65:0d:56:cc:d3,e8:ab:fa:19:de:4f,forward,
2025-11-12T16:37:53.489323+00:00,1,7,2,00:62:6e:51:27:2e,44:65:0d:56:cc:d3,forward,
2025-11-12T16:37:53.495261+00:00,1,2,7,44:65:0d:56:cc:d3,00:62:6e:51:27:2e,forward,
2025-11-12T16:37:53.888296+00:00,1,29,2,d0:a6:37:df:a1:e1,44:65:0d:56:cc:d3,forward,
2025-11-12T16:37:53.893846+00:00,1,2,29,44:65:0d:56:cc:d3,d0:a6:37:df:a1:e1,forward,
2025-11-12T16:37:53.909337+00:00,1,26,2,74:2f:68:81:69:42,44:65:0d:56:cc:d3,forward,
2025-11-12T16:37:53.912935+00:00,1,2,26,44:65:0d:56:cc:d3,74:2f:68:81:69:42,forward,
2025-11-12T16:37:53.929661+00:00,1,19,2,d0:73:d5:01:83:08,44:65:0d:56:cc:d3,forward,
2025-11-12T16:37:53.933315+00:00,1,2,19,44:65:0d:56:cc:d3,d0:73:d5:01:83:08,forward,
2025-11-12T16:37:53.949259+00:00,1,27,2,ac:bc:32:d4:6f:2f,44:65:0d:56:cc:d3,forward,
2025-11-12T16:37:53.952443+00:00,1,2,27,44:65:0d:56:cc:d3,ac:bc:32:d4:6f:2f,forward,
2025-11-12T17:58:09.883136+00:00,1,28,2,b4:ce:f6:a7:a3:c2,44:65:0d:56:cc:d3,forward,
2025-11-12T17:58:11.525113+00:00,1,2,28,44:65:0d:56:cc:d3,b4:ce:f6:a7:a3:c2,forward,
2025-11-12T17:58:14.928869+00:00,1,25,2,40:f3:08:ff:1e:da,44:65:0d:56:cc:d3,forward,
2025-11-12T17:58:14.947545+00:00,1,25,2,40:f3:08:ff:1e:da,44:65:0d:56:cc:d3,forward,
2025-11-12T17:58:16.607315+00:00,1,13,2,ec:1a:59:83:28:11,44:65:0d:56:cc:d3,forward,
2025-11-12T17:58:18.143817+00:00,1,13,2,ec:1a:59:83:28:11,44:65:0d:56:cc:d3,forward,
2025-11-12T17:58:18.156775+00:00,1,2,13,44:65:0d:56:cc:d3,ec:1a:59:83:28:11,forward,
2025-11-12T17:58:21.283331+00:00,1,10,2,ec:1a:59:79:f4:89,44:65:0d:56:cc:d3,forward,
2025-11-12T17:58:21.294746+00:00,1,10,2,ec:1a:59:79:f4:89,44:65:0d:56:cc:d3,forward,
2025-11-12T17:58:22.847683+00:00,1,10,2,ec:1a:59:79:f4:89,44:65:0d:56:cc:d3,forward,
2025-11-12T17:58:24.212291+00:00,1,17,2,74:6a:89:00:2e:25,44:65:0d:56:cc:d3,forward,
2025-11-12T17:58:24.223391+00:00,1,17,2,74:6a:89:00:2e:25,44:65:0d:56:cc:d3,forward,
2025-11-12T17:58:25.749570+00:00,1,2,17,44:65:0d:56:cc:d3,74:6a:89:00:2e:25,forward,
2025-11-12T17:58:28.873159+00:00,1,6,2,30:8c:fb:2f:e4:b2,44:65:0d:56:cc:d3,forward,
2025-11-12T17:58:28.885114+00:00,1,6,2,30:8c:fb:2f:e4:b2,44:65:0d:56:cc:d3,forward,
2025-11-12T17:58:30.556895+00:00,1,6,2,30:8c:fb:2f:e4:b2,44:65:0d:56:cc:d3,forward,
2025-11-12T17:58:30.568160+00:00,1,31,2,14:cc:20:51:33:ea,44:65:0d:56:cc:d3,forward,
2025-11-12T17:58:32.107113+00:00,1,2,31,44:65:0d:56:cc:d3,14:cc:20:51:33:ea,forward,
2025-11-12T17:58:32.118948+00:00,1,31,2,14:cc:20:51:33:ea,44:65:0d:56:cc:d3,forward,
2025-11-12T17:58:35.268954+00:00,1,22,2,70:5a:0f:e4:9b:c0,44:65:0d:56:cc:d3,forward,
2025-11-12T17:58:35.282508+00:00,1,22,2,70:5a:0f:e4:9b:c0,44:65:0d:56:cc:d3,forward,
2025-11-12T17:58:38.349228+00:00,1,22,2,70:5a:0f:e4:9b:c0,44:65:0d:56:cc:d3,forward,
2025-11-12T17:58:40.090369+00:00,1,12,2,74:c6:3b:29:d7:1d,44:65:0d:56:cc:d3,forward,
2025-11-12T17:58:41.673962+00:00,1,12,2,74:c6:3b:29:d7:1d,44:65:0d:56:cc:d3,forward,
2025-11-12T17:58:43.213622+00:00,1,12,2,74:c6:3b:29:d7:1d,44:65:0d:56:cc:d3,forward,
2025-11-12T17:58:43.245742+00:00,1,8,2,e8:ab:fa:19:de:4f,44:65:0d:56:cc:d3,forward,
2025-11-12T17:58:44.635013+00:00,1,8,2,e8:ab:fa:19:de:4f,44:65:0d:56:cc:d3,forward,
2025-11-12T17:58:45.775825+00:00,1,8,2,e8:ab:fa:19:de:4f,44:65:0d:56:cc:d3,forward,
2025-11-12T17:58:45.787925+00:00,1,7,2,00:62:6e:51:27:2e,44:65:0d:56:cc:d3,forward,
2025-11-12T17:58:47.170163+00:00,1,7,2,00:62:6e:51:27:2e,44:65:0d:56:cc:d3,forward,
2025-11-12T17:58:50.477080+00:00,1,7,2,00:62:6e:51:27:2e,44:65:0d:56:cc:d3,forward,
2025-11-12T17:58:50.506058+00:00,1,29,2,d0:a6:37:df:a1:e1,44:65:0d:56:cc:d3,forward,
2025-11-12T17:58:52.537691+00:00,1,29,2,d0:a6:37:df:a1:e1,44:65:0d:56:cc:d3,forward,
2025-11-12T18:00:40.522698+00:00,1,28,2,b4:ce:f6:a7:a3:c2,44:65:0d:56:cc:d3,forward,
2025-11-12T18:00:42.262269+00:00,1,2,28,44:65:0d:56:cc:d3,b4:ce:f6:a7:a3:c2,forward,
2025-11-12T18:00:45.519137+00:00,1,25,2,40:f3:08:ff:1e:da,44:65:0d:56:cc:d3,forward,
2025-11-12T18:00:45.529832+00:00,1,25,2,40:f3:08:ff:1e:da,44:65:0d:56:cc:d3,forward,
2025-11-12T18:00:47.118598+00:00,1,25,2,40:f3:08:ff:1e:da,44:65:0d:56:cc:d3,forward,
2025-11-12T18:00:47.129895+00:00,1,13,2,ec:1a:59:83:28:11,44:65:0d:56:cc:d3,forward,
2025-11-12T18:00:48.740115+00:00,1,13,2,ec:1a:59:83:28:11,44:65:0d:56:cc:d3,forward,
2025-11-12T18:00:48.759055+00:00,1,2,13,44:65:0d:56:cc:d3,ec:1a:59:83:28:11,forward,
2025-11-12T18:00:51.752483+00:00,1,10,2,ec:1a:59:79:f4:89,44:65:0d:56:cc:d3,forward,
2025-11-12T18:00:51.765394+00:00,1,10,2,ec:1a:59:79:f4:89,44:65:0d:56:cc:d3,forward,
2025-11-12T18:00:53.337829+00:00,1,2,10,44:65:0d:56:cc:d3,ec:1a:59:79:f4:89,forward,
2025-11-12T18:00:53.353764+00:00,1,10,2,ec:1a:59:79:f4:89,44:65:0d:56:cc:d3,forward,
2025-11-12T18:00:56.599291+00:00,1,17,2,74:6a:89:00:2e:25,44:65:0d:56:cc:d3,forward,
2025-11-12T18:00:56.615758+00:00,1,17,2,74:6a:89:00:2e:25,44:65:0d:56:cc:d3,forward,
2025-11-12T18:00:58.171336+00:00,1,17,2,74:6a:89:00:2e:25,44:65:0d:56:cc:d3,forward,
2025-11-12T18:00:58.191134+00:00,1,6,2,30:8c:fb:2f:e4:b2,44:65:0d:56:cc:d3,forward,
2025-11-12T18:00:59.743718+00:00,1,6,2,30:8c:fb:2f:e4:b2,44:65:0d:56:cc:d3,forward,
2025-11-12T18:00:59.755622+00:00,1,2,6,44:65:0d:56:cc:d3,30:8c:fb:2f:e4:b2,forward,
2025-11-12T18:01:02.253277+00:00,1,31,2,14:cc:20:51:33:ea,44:65:0d:56:cc:d3,forward,
2025-11-12T18:01:03.916375+00:00,1,2,31,44:65:0d:56:cc:d3,14:cc:20:51:33:ea,forward,
2025-11-12T18:01:07.165345+00:00,1,22,2,70:5a:0f:e4:9b:c0,44:65:0d:56:cc:d3,forward,
2025-11-12T18:01:07.175909+00:00,1,22,2,70:5a:0f:e4:9b:c0,44:65:0d:56:cc:d3,forward,
2025-11-12T18:01:07.877855+00:00,1,22,2,70:5a:0f:e4:9b:c0,44:65:0d:56:cc:d3,forward,
2025-11-12T18:01:07.885273+00:00,1,12,2,74:c6:3b:29:d7:1d,44:65:0d:56:cc:d3,forward,
2025-11-12T18:01:08.700307+00:00,1,2,12,44:65:0d:56:cc:d3,74:c6:3b:29:d7:1d,forward,
2025-11-12T18:01:11.789415+00:00,1,8,2,e8:ab:fa:19:de:4f,44:65:0d:56:cc:d3,forward,
2025-11-12T18:01:11.803337+00:00,1,8,2,e8:ab:fa:19:de:4f,44:65:0d:56:cc:d3,forward,
2025-11-12T18:01:13.354032+00:00,1,8,2,e8:ab:fa:19:de:4f,44:65:0d:56:cc:d3,forward,
2025-11-12T18:01:14.910185+00:00,1,7,2,00:62:6e:51:27:2e,44:65:0d:56:cc:d3,forward,
2025-11-12T18:01:14.922017+00:00,1,7,2,00:62:6e:51:27:2e,44:65:0d:56:cc:d3,forward,
2025-11-12T18:01:16.892773+00:00,1,7,2,00:62:6e:51:27:2e,44:65:0d:56:cc:d3,forward,
2025-11-12T18:10:47.445967+00:00,1,1,31,30:8c:fb:2f:e4:b2,14:cc:20:51:33:ea,forward,
2025-11-12T18:10:47.947148+00:00,1,1,1,14:cc:20:51:33:ea,30:8c:fb:2f:e4:b2,forward,
2025-11-12T18:10:47.963220+00:00,1,1,1,d0:52:a8:00:67:5e,14:cc:20:51:33:ea,forward,
2025-11-12T18:10:47.969032+00:00,1,1,1,14:cc:20:51:33:ea,d0:52:a8:00:67:5e,forward,
2025-11-12T18:10:50.057055+00:00,1,1,1,e0:76:d0:3f:00:ae,14:cc:20:51:33:ea,forward,
2025-11-12T18:10:50.061112+00:00,1,1,1,e0:76:d0:3f:00:ae,14:cc:20:51:33:ea,forward,
2025-11-12T18:10:50.065607+00:00,1,1,1,14:cc:20:51:33:ea,e0:76:d0:3f:00:ae,forward,
2025-11-12T18:10:50.069487+00:00,1,1,1,e0:76:d0:3f:00:ae,14:cc:20:51:33:ea,forward,
2025-11-12T18:10:50.077241+00:00,1,1,3,14:cc:20:51:33:ea,70:ee:50:18:34:43,forward,
2025-11-12T18:10:50.080301+00:00,1,1,1,14:cc:20:51:33:ea,e0:76:d0:3f:00:ae,forward,
2025-11-12T18:10:51.361463+00:00,1,1,1,14:cc:20:51:33:ea,e0:76:d0:3f:00:ae,forward,
2025-11-12T18:10:51.366013+00:00,1,1,1,e0:76:d0:3f:00:ae,14:cc:20:51:33:ea,forward,
2025-11-12T18:10:51.369584+00:00,1,1,1,e0:76:d0:3f:00:ae,14:cc:20:51:33:ea,forward,
2025-11-12T18:10:51.371148+00:00,1,1,1,14:cc:20:51:33:ea,e0:76:d0:3f:00:ae,forward,
2025-11-12T18:10:51.375079+00:00,1,1,1,e0:76:d0:3f:00:ae,14:cc:20:51:33:ea,forward,
2025-11-12T18:10:53.000750+00:00,1,1,1,00:16:6c:ab:6b:88,14:cc:20:51:33:ea,forward,
2025-11-12T18:10:53.163115+00:00,1,1,1,74:c6:3b:29:d7:1d,14:cc:20:51:33:ea,forward,
2025-11-12T18:10:53.170375+00:00,1,1,1,14:cc:20:51:33:ea,00:16:6c:ab:6b:88,forward,
2025-11-12T18:10:53.357292+00:00,1,1,1,14:cc:20:51:33:ea,74:c6:3b:29:d7:1d,forward,
2025-11-12T18:10:53.705926+00:00,1,1,1,f4:f5:d8:d4:eb:12,14:cc:20:51:33:ea,forward,
2025-11-12T18:10:53.884084+00:00,1,1,1,14:cc:20:51:33:ea,f4:f5:d8:d4:eb:12,forward,
2025-11-12T18:11:52.899086+00:00,1,2,28,44:65:0d:56:cc:d3,b4:ce:f6:a7:a3:c2,forward,
2025-11-12T18:11:54.397724+00:00,1,28,2,b4:ce:f6:a7:a3:c2,44:65:0d:56:cc:d3,forward,
2025-11-12T18:11:56.065304+00:00,1,2,25,44:65:0d:56:cc:d3,40:f3:08:ff:1e:da,forward,
2025-11-12T18:11:57.471668+00:00,1,25,2,40:f3:08:ff:1e:da,44:65:0d:56:cc:d3,forward,
2025-11-12T18:11:59.173990+00:00,1,2,13,44:65:0d:56:cc:d3,ec:1a:59:83:28:11,forward,
2025-11-12T18:12:00.362337+00:00,1,13,2,ec:1a:59:83:28:11,44:65:0d:56:cc:d3,forward,
2025-11-12T18:12:01.932049+00:00,1,2,10,44:65:0d:56:cc:d3,ec:1a:59:79:f4:89,forward,
2025-11-12T18:12:03.556893+00:00,1,10,2,ec:1a:59:79:f4:89,44:65:0d:56:cc:d3,forward,
2025-11-12T18:12:05.213101+00:00,1,2,17,44:65:0d:56:cc:d3,74:6a:89:00:2e:25,forward,
2025-11-12T18:12:06.778339+00:00,1,17,2,74:6a:89:00:2e:25,44:65:0d:56:cc:d3,forward,
2025-11-12T18:12:07.862278+00:00,1,2,6,44:65:0d:56:cc:d3,30:8c:fb:2f:e4:b2,forward,
2025-11-12T18:12:09.436282+00:00,1,6,2,30:8c:fb:2f:e4:b2,44:65:0d:56:cc:d3,forward,
2025-11-12T18:12:11.035876+00:00,1,2,31,44:65:0d:56:cc:d3,14:cc:20:51:33:ea,forward,
2025-11-12T18:12:12.584504+00:00,1,31,2,14:cc:20:51:33:ea,44:65:0d:56:cc:d3,forward,
2025-11-12T18:12:14.170480+00:00,1,2,22,44:65:0d:56:cc:d3,70:5a:0f:e4:9b:c0,forward,
2025-11-12T18:12:15.475347+00:00,1,22,2,70:5a:0f:e4:9b:c0,44:65:0d:56:cc:d3,forward,
2025-11-12T18:12:17.009577+00:00,1,2,12,44:65:0d:56:cc:d3,74:c6:3b:29:d7:1d,forward,
2025-11-12T18:12:18.615551+00:00,1,12,2,74:c6:3b:29:d7:1d,44:65:0d:56:cc:d3,forward,
2025-11-12T18:12:20.153659+00:00,1,2,8,44:65:0d:56:cc:d3,e8:ab:fa:19:de:4f,forward,
2025-11-12T18:12:21.467599+00:00,1,8,2,e8:ab:fa:19:de:4f,44:65:0d:56:cc:d3,forward,
2025-11-12T18:12:23.074244+00:00,1,2,7,44:65:0d:56:cc:d3,00:62:6e:51:27:2e,forward,
2025-11-12T18:12:24.690390+00:00,1,7,2,00:62:6e:51:27:2e,44:65:0d:56:cc:d3,forward,
2025-11-12T18:12:26.285929+00:00,1,2,29,44:65:0d:56:cc:d3,d0:a6:37:df:a1:e1,forward,
2025-11-12T18:12:27.861036+00:00,1,29,2,d0:a6:37:df:a1:e1,44:65:0d:56:cc:d3,forward,
2025-11-12T18:12:29.443812+00:00,1,2,26,44:65:0d:56:cc:d3,74:2f:68:81:69:42,forward,
2025-11-12T18:12:31.116284+00:00,1,26,2,74:2f:68:81:69:42,44:65:0d:56:cc:d3,forward,
2025-11-12T18:12:32.691435+00:00,1,2,19,44:65:0d:56:cc:d3,d0:73:d5:01:83:08,forward,
2025-11-12T18:12:34.301549+00:00,1,19,2,d0:73:d5:01:83:08,44:65:0d:56:cc:d3,forward,
2025-11-12T18:12:35.793268+00:00,1,2,27,44:65:0d:56:cc:d3,ac:bc:32:d4:6f:2f,forward,
2025-11-12T18:12:37.331662+00:00,1,27,2,ac:bc:32:d4:6f:2f,44:65:0d:56:cc:d3,forward,
2025-11-12T18:12:38.962707+00:00,1,2,30,44:65:0d:56:cc:d3,f4:5c:89:93:cc:85,forward,
2025-11-12T18:12:40.302421+00:00,1,30,2,f4:5c:89:93:cc:85,44:65:0d:56:cc:d3,forward,
2025-11-12T18:12:41.884513+00:00,1,2,24,44:65:0d:56:cc:d3,30:8c:fb:b6:ea:45,forward,
2025-11-12T18:12:43.539571+00:00,1,24,2,30:8c:fb:b6:ea:45,44:65:0d:56:cc:d3,forward,
2025-11-12T18:12:44.741161+00:00,1,2,14,44:65:0d:56:cc:d3,18:b4:30:25:be:e4,forward,
2025-11-12T18:12:46.382098+00:00,1,14,2,18:b4:30:25:be:e4,44:65:0d:56:cc:d3,forward,
2025-11-12T18:12:47.982340+00:00,1,2,15,44:65:0d:56:cc:d3,70:ee:50:03:b8:ac,forward,
2025-11-12T18:12:50.135497+00:00,1,15,2,70:ee:50:03:b8:ac,44:65:0d:56:cc:d3,forward,
2025-11-12T18:12:51.758843+00:00,1,2,3,44:65:0d:56:cc:d3,70:ee:50:18:34:43,forward,
2025-11-12T18:12:53.386986+00:00,1,3,2,70:ee:50:18:34:43,44:65:0d:56:cc:d3,forward,
2025-11-12T18:12:54.945280+00:00,1,2,21,44:65:0d:56:cc:d3,e0:76:d0:33:bb:85,forward,
2025-11-12T18:12:56.494837+00:00,1,21,2,e0:76:d0:33:bb:85,44:65:0d:56:cc:d3,forward,
2025-11-12T18:12:58.104520+00:00,1,2,23,44:65:0d:56:cc:d3,08:21:ef:3b:fc:e3,forward,
2025-11-12T18:12:59.757175+00:00,1,23,2,08:21:ef:3b:fc:e3,44:65:0d:56:cc:d3,forward,
2025-11-12T18:13:01.370797+00:00,1,2,5,44:65:0d:56:cc:d3,00:16:6c:ab:6b:88,forward,
2025-11-12T18:13:02.995383+00:00,1,5,2,00:16:6c:ab:6b:88,44:65:0d:56:cc:d3,forward,
2025-11-12T18:13:04.615296+00:00,1,2,1,44:65:0d:56:cc:d3,d0:52:a8:00:67:5e,forward,
2025-11-12T18:13:06.328188+00:00,1,1,2,d0:52:a8:00:67:5e,44:65:0d:56:cc:d3,forward,
2025-11-12T18:13:07.926652+00:00,1,2,11,44:65:0d:56:cc:d3,50:c7:bf:00:56:39,forward,
2025-11-12T18:13:09.166236+00:00,1,11,2,50:c7:bf:00:56:39,44:65:0d:56:cc:d3,forward,
2025-11-12T18:13:10.590619+00:00,1,2,4,44:65:0d:56:cc:d3,f4:f2:6d:93:51:f1,forward,
2025-11-12T18:13:12.103393+00:00,1,4,2,f4:f2:6d:93:51:f1,44:65:0d:56:cc:d3,forward,
2025-11-12T18:13:13.617114+00:00,1,2,20,44:65:0d:56:cc:d3,18:b7:9e:02:20:44,forward,
2025-11-12T18:13:15.306082+00:00,1,20,2,18:b7:9e:02:20:44,44:65:0d:56:cc:d3,forward,
2025-11-12T18:13:16.833651+00:00,1,2,16,44:65:0d:56:cc:d3,00:24:e4:1b:6f:96,forward,
2025-11-12T18:13:18.539022+00:00,1,16,2,00:24:e4:1b:6f:96,44:65:0d:56:cc:d3,forward,
2025-11-12T18:13:20.180748+00:00,1,2,18,44:65:0d:56:cc:d3,00:24:e4:20:28:c6,forward,
2025-11-12T18:13:21.748613+00:00,1,18,2,00:24:e4:20:28:c6,44:65:0d:56:cc:d3,forward,
2025-11-12T18:13:22.879137+00:00,1,2,9,44:65:0d:56:cc:d3,00:24:e4:11:18:a8,forward,
2025-11-12T18:13:24.372634+00:00,1,9,2,00:24:e4:11:18:a8,44:65:0d:56:cc:d3,forward,
2025-11-12T18:13:25.992954+00:00,1,28,25,b4:ce:f6:a7:a3:c2,40:f3:08:ff:1e:da,forward,
2025-11-12T18:13:27.486121+00:00,1,25,28,40:f3:08:ff:1e:da,b4:ce:f6:a7:a3:c2,forward,
2025-11-12T18:13:29.128136+00:00,1,28,13,b4:ce:f6:a7:a3:c2,ec:1a:59:83:28:11,forward,
2025-11-12T18:13:30.852426+00:00,1,13,28,ec:1a:59:83:28:11,b4:ce:f6:a7:a3:c2,forward,
2025-11-12T18:13:32.455872+00:00,1,28,10,b4:ce:f6:a7:a3:c2,ec:1a:59:79:f4:89,forward,
2025-11-12T18:13:34.075394+00:00,1,10,28,ec:1a:59:79:f4:89,b4:ce:f6:a7:a3:c2,forward,
2025-11-12T18:13:35.758329+00:00,1,28,17,b4:ce:f6:a7:a3:c2,74:6a:89:00:2e:25,forward,
2025-11-12T18:13:37.173171+00:00,1,17,28,74:6a:89:00:2e:25,b4:ce:f6:a7:a3:c2,forward,
2025-11-12T18:13:38.823962+00:00,1,28,6,b4:ce:f6:a7:a3:c2,30:8c:fb:2f:e4:b2,forward,
2025-11-12T18:13:40.536818+00:00,1,6,28,30:8c:fb:2f:e4:b2,b4:ce:f6:a7:a3:c2,forward,
2025-11-12T18:13:42.113827+00:00,1,28,31,b4:ce:f6:a7:a3:c2,14:cc:20:51:33:ea,forward,
2025-11-12T18:13:43.564353+00:00,1,31,28,14:cc:20:51:33:ea,b4:ce:f6:a7:a3:c2,forward,
2025-11-12T18:13:44.675101+00:00,1,28,22,b4:ce:f6:a7:a3:c2,70:5a:0f:e4:9b:c0,forward,
2025-11-12T18:13:46.322556+00:00,1,22,28,70:5a:0f:e4:9b:c0,b4:ce:f6:a7:a3:c2,forward,
2025-11-12T18:13:47.773981+00:00,1,28,12,b4:ce:f6:a7:a3:c2,74:c6:3b:29:d7:1d,forward,
2025-11-12T18:13:49.361784+00:00,1,12,28,74:c6:3b:29:d7:1d,b4:ce:f6:a7:a3:c2,forward,
2025-11-12T18:13:51.040605+00:00,1,28,8,b4:ce:f6:a7:a3:c2,e8:ab:fa:19:de:4f,forward,
2025-11-12T18:13:52.594570+00:00,1,8,28,e8:ab:fa:19:de:4f,b4:ce:f6:a7:a3:c2,forward,
2025-11-12T18:13:53.957548+00:00,1,28,7,b4:ce:f6:a7:a3:c2,00:62:6e:51:27:2e,forward,
2025-11-12T18:13:55.679255+00:00,1,7,28,00:62:6e:51:27:2e,b4:ce:f6:a7:a3:c2,forward,
2025-11-12T18:13:57.226356+00:00,1,28,29,b4:ce:f6:a7:a3:c2,d0:a6:37:df:a1:e1,forward,
2025-11-12T18:13:58.515528+00:00,1,29,28,d0:a6:37:df:a1:e1,b4:ce:f6:a7:a3:c2,forward,
2025-11-12T18:14:00.264534+00:00,1,28,26,b4:ce:f6:a7:a3:c2,74:2f:68:81:69:42,forward,
2025-11-12T18:14:01.293148+00:00,1,26,28,74:2f:68:81:69:42,b4:ce:f6:a7:a3:c2,forward,
2025-11-12T18:14:01.799921+00:00,1,28,19,b4:ce:f6:a7:a3:c2,d0:73:d5:01:83:08,forward,
2025-11-12T18:14:02.193826+00:00,1,19,28,d0:73:d5:01:83:08,b4:ce:f6:a7:a3:c2,forward,
2025-11-12T18:14:02.552233+00:00,1,28,27,b4:ce:f6:a7:a3:c2,ac:bc:32:d4:6f:2f,forward,
2025-11-12T18:14:03.349890+00:00,1,27,28,ac:bc:32:d4:6f:2f,b4:ce:f6:a7:a3:c2,forward,
2025-11-12T18:14:03.966830+00:00,1,28,30,b4:ce:f6:a7:a3:c2,f4:5c:89:93:cc:85,forward,
2025-11-12T18:14:04.180316+00:00,1,30,28,f4:5c:89:93:cc:85,b4:ce:f6:a7:a3:c2,forward,
2025-11-12T18:14:04.637081+00:00,1,28,24,b4:ce:f6:a7:a3:c2,30:8c:fb:b6:ea:45,forward,
2025-11-12T18:14:04.869838+00:00,1,24,28,30:8c:fb:b6:ea:45,b4:ce:f6:a7:a3:c2,forward,
2025-11-12T18:14:04.895513+00:00,1,28,14,b4:ce:f6:a7:a3:c2,18:b4:30:25:be:e4,forward,
2025-11-12T18:14:04.907609+00:00,1,14,28,18:b4:30:25:be:e4,b4:ce:f6:a7:a3:c2,forward,
2025-11-12T18:14:04.933300+00:00,1,28,15,b4:ce:f6:a7:a3:c2,70:ee:50:03:b8:ac,forward,
2025-11-12T18:14:04.942486+00:00,1,15,28,70:ee:50:03:b8:ac,b4:ce:f6:a7:a3:c2,forward,
2025-11-12T18:14:04.967629+00:00,1,28,3,b4:ce:f6:a7:a3:c2,70:ee:50:18:34:43,forward,
2025-11-12T18:14:04.978430+00:00,1,3,28,70:ee:50:18:34:43,b4:ce:f6:a7:a3:c2,forward,
2025-11-12T18:14:05.004635+00:00,1,28,21,b4:ce:f6:a7:a3:c2,e0:76:d0:33:bb:85,forward,
2025-11-12T18:14:06.093320+00:00,1,21,28,e0:76:d0:33:bb:85,b4:ce:f6:a7:a3:c2,forward,
2025-11-12T18:14:07.379923+00:00,1,28,23,b4:ce:f6:a7:a3:c2,08:21:ef:3b:fc:e3,forward,
2025-11-12T18:14:08.235203+00:00,1,23,28,08:21:ef:3b:fc:e3,b4:ce:f6:a7:a3:c2,forward,
2025-11-12T18:14:09.391007+00:00,1,28,5,b4:ce:f6:a7:a3:c2,00:16:6c:ab:6b:88,forward,
2025-11-12T18:14:10.095281+00:00,1,5,28,00:16:6c:ab:6b:88,b4:ce:f6:a7:a3:c2,forward,
2025-11-12T18:14:11.819153+00:00,1,28,1,b4:ce:f6:a7:a3:c2,d0:52:a8:00:67:5e,forward,
2025-11-12T18:14:12.323940+00:00,1,1,28,d0:52:a8:00:67:5e,b4:ce:f6:a7:a3:c2,forward,
2025-11-12T18:14:12.538783+00:00,1,28,11,b4:ce:f6:a7:a3:c2,50:c7:bf:00:56:39,forward,
2025-11-12T18:14:12.749196+00:00,1,11,28,50:c7:bf:00:56:39,b4:ce:f6:a7:a3:c2,forward,
2025-11-12T18:14:12.779815+00:00,1,28,4,b4:ce:f6:a7:a3:c2,f4:f2:6d:93:51:f1,forward,
2025-11-12T18:14:12.791760+00:00,1,4,28,f4:f2:6d:93:51:f1,b4:ce:f6:a7:a3:c2,forward,
2025-11-12T18:14:12.819729+00:00,1,28,20,b4:ce:f6:a7:a3:c2,18:b7:9e:02:20:44,forward,
2025-11-12T18:14:12.828577+00:00,1,20,28,18:b7:9e:02:20:44,b4:ce:f6:a7:a3:c2,forward,
2025-11-12T18:14:12.854698+00:00,1,28,16,b4:ce:f6:a7:a3:c2,00:24:e4:1b:6f:96,forward,
2025-11-12T18:14:12.866586+00:00,1,16,28,00:24:e4:1b:6f:96,b4:ce:f6:a7:a3:c2,forward,
2025-11-12T18:14:12.891750+00:00,1,28,18,b4:ce:f6:a7:a3:c2,00:24:e4:20:28:c6,forward,
2025-11-12T18:14:12.903567+00:00,1,18,28,00:24:e4:20:28:c6,b4:ce:f6:a7:a3:c2,forward,
2025-11-12T18:14:12.929640+00:00,1,28,9,b4:ce:f6:a7:a3:c2,00:24:e4:11:18:a8,forward,
2025-11-12T18:14:12.938620+00:00,1,9,28,00:24:e4:11:18:a8,b4:ce:f6:a7:a3:c2,forward,
2025-11-12T18:14:13.002475+00:00,1,25,13,40:f3:08:ff:1e:da,ec:1a:59:83:28:11,forward,
2025-11-12T18:14:14.108746+00:00,1,13,25,ec:1a:59:83:28:11,40:f3:08:ff:1e:da,forward,
2025-11-12T18:14:16.277497+00:00,1,25,10,40:f3:08:ff:1e:da,ec:1a:59:79:f4:89,forward,
2025-11-12T18:14:18.486825+00:00,1,10,25,ec:1a:59:79:f4:89,40:f3:08:ff:1e:da,forward,
2025-11-12T18:14:21.714970+00:00,1,25,17,40:f3:08:ff:1e:da,74:6a:89:00:2e:25,forward,
2025-11-12T18:14:23.953655+00:00,1,17,25,74:6a:89:00:2e:25,40:f3:08:ff:1e:da,forward,
2025-11-12T18:14:25.190361+00:00,1,25,6,40:f3:08:ff:1e:da,30:8c:fb:2f:e4:b2,forward,
2025-11-12T18:14:25.725347+00:00,1,6,25,30:8c:fb:2f:e4:b2,40:f3:08:ff:1e:da,forward,
2025-11-12T18:14:26.033192+00:00,1,25,31,40:f3:08:ff:1e:da,14:cc:20:51:33:ea,forward,
2025-11-12T18:14:26.203023+00:00,1,31,25,14:cc:20:51:33:ea,40:f3:08:ff:1e:da,forward,
2025-11-12T18:14:26.233880+00:00,1,25,22,40:f3:08:ff:1e:da,70:5a:0f:e4:9b:c0,forward,
2025-11-12T18:14:26.245576+00:00,1,22,25,70:5a:0f:e4:9b:c0,40:f3:08:ff:1e:da,forward,
2025-11-12T18:14:26.274529+00:00,1,25,12,40:f3:08:ff:1e:da,74:c6:3b:29:d7:1d,forward,
2025-11-12T18:14:26.285677+00:00,1,12,25,74:c6:3b:29:d7:1d,40:f3:08:ff:1e:da,forward,
2025-11-12T18:14:26.316872+00:00,1,25,8,40:f3:08:ff:1e:da,e8:ab:fa:19:de:4f,forward,
2025-11-12T18:14:26.329607+00:00,1,8,25,e8:ab:fa:19:de:4f,40:f3:08:ff:1e:da,forward,
2025-11-12T18:14:26.356639+00:00,1,25,7,40:f3:08:ff:1e:da,00:62:6e:51:27:2e,forward,
2025-11-12T18:14:26.369901+00:00,1,7,25,00:62:6e:51:27:2e,40:f3:08:ff:1e:da,forward,
2025-11-12T18:14:26.392968+00:00,1,25,29,40:f3:08:ff:1e:da,d0:a6:37:df:a1:e1,forward,
2025-11-12T18:14:26.406616+00:00,1,29,25,d0:a6:37:df:a1:e1,40:f3:08:ff:1e:da,forward,
2025-11-12T18:14:26.438207+00:00,1,25,26,40:f3:08:ff:1e:da,74:2f:68:81:69:42,forward,
2025-11-12T18:14:26.447455+00:00,1,26,25,74:2f:68:81:69:42,40:f3:08:ff:1e:da,forward,
2025-11-12T18:14:26.473832+00:00,1,25,19,40:f3:08:ff:1e:da,d0:73:d5:01:83:08,forward,
2025-11-12T18:14:26.486964+00:00,1,19,25,d0:73:d5:01:83:08,40:f3:08:ff:1e:da,forward,
2025-11-12T18:14:26.511303+00:00,1,25,27,40:f3:08:ff:1e:da,ac:bc:32:d4:6f:2f,forward,
2025-11-12T18:14:27.560271+00:00,1,27,25,ac:bc:32:d4:6f:2f,40:f3:08:ff:1e:da,forward,
2025-11-12T18:14:29.759744+00:00,1,25,30,40:f3:08:ff:1e:da,f4:5c:89:93:cc:85,forward,
2025-11-12T18:14:31.918197+00:00,1,30,25,f4:5c:89:93:cc:85,40:f3:08:ff:1e:da,forward,
2025-11-12T18:14:32.872945+00:00,1,25,24,40:f3:08:ff:1e:da,30:8c:fb:b6:ea:45,forward,
2025-11-12T18:14:34.083366+00:00,1,24,25,30:8c:fb:b6:ea:45,40:f3:08:ff:1e:da,forward,
2025-11-12T18:14:34.596868+00:00,1,25,14,40:f3:08:ff:1e:da,18:b4:30:25:be:e4,forward,
2025-11-12T18:14:34.767913+00:00,1,14,25,18:b4:30:25:be:e4,40:f3:08:ff:1e:da,forward,
2025-11-12T18:14:34.794660+00:00,1,25,15,40:f3:08:ff:1e:da,70:ee:50:03:b8:ac,forward,
2025-11-12T18:14:34.810541+00:00,1,15,25,70:ee:50:03:b8:ac,40:f3:08:ff:1e:da,forward,
2025-11-12T18:14:34.836975+00:00,1,25,3,40:f3:08:ff:1e:da,70:ee:50:18:34:43,forward,
2025-11-12T18:14:34.845580+00:00,1,3,25,70:ee:50:18:34:43,40:f3:08:ff:1e:da,forward,
2025-11-12T18:14:34.868813+00:00,1,25,21,40:f3:08:ff:1e:da,e0:76:d0:33:bb:85,forward,
2025-11-12T18:14:34.878483+00:00,1,21,25,e0:76:d0:33:bb:85,40:f3:08:ff:1e:da,forward,
2025-11-12T18:14:34.903472+00:00,1,25,23,40:f3:08:ff:1e:da,08:21:ef:3b:fc:e3,forward,
2025-11-12T18:14:34.913780+00:00,1,23,25,08:21:ef:3b:fc:e3,40:f3:08:ff:1e:da,forward,
2025-11-12T18:14:34.936066+00:00,1,25,5,40:f3:08:ff:1e:da,00:16:6c:ab:6b:88,forward,
2025-11-12T18:14:34.943517+00:00,1,5,25,00:16:6c:ab:6b:88,40:f3:08:ff:1e:da,forward,
2025-11-12T18:14:34.962629+00:00,1,25,1,40:f3:08:ff:1e:da,d0:52:a8:00:67:5e,forward,
2025-11-12T18:14:34.970487+00:00,1,1,25,d0:52:a8:00:67:5e,40:f3:08:ff:1e:da,forward,
2025-11-12T18:14:34.988684+00:00,1,25,11,40:f3:08:ff:1e:da,50:c7:bf:00:56:39,forward,
2025-11-12T18:14:34.995114+00:00,1,11,25,50:c7:bf:00:56:39,40:f3:08:ff:1e:da,forward,
2025-11-12T18:14:35.013966+00:00,1,25,4,40:f3:08:ff:1e:da,f4:f2:6d:93:51:f1,forward,
2025-11-12T18:14:36.086581+00:00,1,4,25,f4:f2:6d:93:51:f1,40:f3:08:ff:1e:da,forward,
2025-11-12T18:14:37.202296+00:00,1,25,20,40:f3:08:ff:1e:da,18:b7:9e:02:20:44,forward,
2025-11-12T18:14:37.903054+00:00,1,20,25,18:b7:9e:02:20:44,40:f3:08:ff:1e:da,forward,
2025-11-12T18:14:38.963023+00:00,1,25,16,40:f3:08:ff:1e:da,00:24:e4:1b:6f:96,forward,
2025-11-12T18:14:39.365079+00:00,1,16,25,00:24:e4:1b:6f:96,40:f3:08:ff:1e:da,forward,
2025-11-12T18:14:40.487344+00:00,1,25,18,40:f3:08:ff:1e:da,00:24:e4:20:28:c6,forward,
2025-11-12T18:14:42.117297+00:00,1,18,25,00:24:e4:20:28:c6,40:f3:08:ff:1e:da,forward,
2025-11-12T18:14:42.614045+00:00,1,25,9,40:f3:08:ff:1e:da,00:24:e4:11:18:a8,forward,
2025-11-12T18:14:43.159073+00:00,1,9,25,00:24:e4:11:18:a8,40:f3:08:ff:1e:da,forward,
2025-11-12T18:14:43.761683+00:00,1,13,10,ec:1a:59:83:28:11,ec:1a:59:79:f4:89,forward,
2025-11-12T18:14:44.552854+00:00,1,10,13,ec:1a:59:79:f4:89,ec:1a:59:83:28:11,forward,
2025-11-12T18:14:46.315384+00:00,1,13,17,ec:1a:59:83:28:11,74:6a:89:00:2e:25,forward,
2025-11-12T18:14:47.933817+00:00,1,17,13,74:6a:89:00:2e:25,ec:1a:59:83:28:11,forward,
2025-11-12T18:14:49.492433+00:00,1,13,6,ec:1a:59:83:28:11,30:8c:fb:2f:e4:b2,forward,
2025-11-12T18:14:50.667437+00:00,1,6,13,30:8c:fb:2f:e4:b2,ec:1a:59:83:28:11,forward,
2025-11-12T18:14:52.234959+00:00,1,13,31,ec:1a:59:83:28:11,14:cc:20:51:33:ea,forward,
2025-11-12T18:14:53.758074+00:00,1,31,13,14:cc:20:51:33:ea,ec:1a:59:83:28:11,forward,
2025-11-12T18:14:55.428128+00:00,1,13,22,ec:1a:59:83:28:11,70:5a:0f:e4:9b:c0,forward,
2025-11-12T18:14:56.933076+00:00,1,22,13,70:5a:0f:e4:9b:c0,ec:1a:59:83:28:11,forward,
2025-11-12T18:14:58.518025+00:00,1,13,12,ec:1a:59:83:28:11,74:c6:3b:29:d7:1d,forward,
2025-11-12T18:15:00.237305+00:00,1,12,13,74:c6:3b:29:d7:1d,ec:1a:59:83:28:11,forward,
2025-11-12T18:15:01.809041+00:00,1,13,8,ec:1a:59:83:28:11,e8:ab:fa:19:de:4f,forward,
2025-11-12T18:15:03.434418+00:00,1,8,13,e8:ab:fa:19:de:4f,ec:1a:59:83:28:11,forward,
2025-11-12T18:15:04.737246+00:00,1,13,7,ec:1a:59:83:28:11,00:62:6e:51:27:2e,forward,
2025-11-12T18:15:06.365701+00:00,1,7,13,00:62:6e:51:27:2e,ec:1a:59:83:28:11,forward,
2025-11-12T18:15:07.863236+00:00,1,13,29,ec:1a:59:83:28:11,d0:a6:37:df:a1:e1,forward,
2025-11-12T18:15:08.799042+00:00,1,29,13,d0:a6:37:df:a1:e1,ec:1a:59:83:28:11,forward,
2025-11-12T18:15:10.567778+00:00,1,13,26,ec:1a:59:83:28:11,74:2f:68:81:69:42,forward,
2025-11-12T18:15:12.119998+00:00,1,26,13,74:2f:68:81:69:42,ec:1a:59:83:28:11,forward,
2025-11-12T18:15:13.417553+00:00,1,13,19,ec:1a:59:83:28:11,d0:73:d5:01:83:08,forward,
2025-11-12T18:15:14.988974+00:00,1,19,13,d0:73:d5:01:83:08,ec:1a:59:83:28:11,forward,
2025-11-12T18:15:16.604752+00:00,1,13,27,ec:1a:59:83:28:11,ac:bc:32:d4:6f:2f,forward,
2025-11-12T18:15:18.195671+00:00,1,27,13,ac:bc:32:d4:6f:2f,ec:1a:59:83:28:11,forward,
2025-11-12T18:15:19.102186+00:00,1,13,30,ec:1a:59:83:28:11,f4:5c:89:93:cc:85,forward,
2025-11-12T18:15:20.796539+00:00,1,30,13,f4:5c:89:93:cc:85,ec:1a:59:83:28:11,forward,
2025-11-12T18:15:22.300130+00:00,1,13,24,ec:1a:59:83:28:11,30:8c:fb:b6:ea:45,forward,
2025-11-12T18:15:23.644719+00:00,1,24,13,30:8c:fb:b6:ea:45,ec:1a:59:83:28:11,forward,
2025-11-12T18:15:25.384790+00:00,1,13,14,ec:1a:59:83:28:11,18:b4:30:25:be:e4,forward,
2025-11-12T18:15:26.958732+00:00,1,14,13,18:b4:30:25:be:e4,ec:1a:59:83:28:11,forward,
2025-11-12T18:15:28.619633+00:00,1,13,15,ec:1a:59:83:28:11,70:ee:50:03:b8:ac,forward,
2025-11-12T18:15:30.419973+00:00,1,15,13,70:ee:50:03:b8:ac,ec:1a:59:83:28:11,forward,
2025-11-12T18:15:31.850993+00:00,1,13,3,ec:1a:59:83:28:11,70:ee:50:18:34:43,forward,
2025-11-12T18:15:33.479685+00:00,1,3,13,70:ee:50:18:34:43,ec:1a:59:83:28:11,forward,
2025-11-12T18:15:35.119922+00:00,1,13,21,ec:1a:59:83:28:11,e0:76:d0:33:bb:85,forward,
2025-11-12T18:15:36.697349+00:00,1,21,13,e0:76:d0:33:bb:85,ec:1a:59:83:28:11,forward,
2025-11-12T18:15:38.290473+00:00,1,13,23,ec:1a:59:83:28:11,08:21:ef:3b:fc:e3,forward,
2025-11-12T18:15:39.933091+00:00,1,23,13,08:21:ef:3b:fc:e3,ec:1a:59:83:28:11,forward,
2025-11-12T18:15:41.601980+00:00,1,13,5,ec:1a:59:83:28:11,00:16:6c:ab:6b:88,forward,
2025-11-12T18:15:43.213452+00:00,1,5,13,00:16:6c:ab:6b:88,ec:1a:59:83:28:11,forward,
2025-11-12T18:15:44.467269+00:00,1,13,1,ec:1a:59:83:28:11,d0:52:a8:00:67:5e,forward,
2025-11-12T18:15:46.111017+00:00,1,1,13,d0:52:a8:00:67:5e,ec:1a:59:83:28:11,forward,
2025-11-12T18:15:47.683309+00:00,1,13,11,ec:1a:59:83:28:11,50:c7:bf:00:56:39,forward,
2025-11-12T18:15:49.382848+00:00,1,11,13,50:c7:bf:00:56:39,ec:1a:59:83:28:11,forward,
2025-11-12T18:15:51.061022+00:00,1,13,4,ec:1a:59:83:28:11,f4:f2:6d:93:51:f1,forward,
2025-11-12T18:15:52.634654+00:00,1,4,13,f4:f2:6d:93:51:f1,ec:1a:59:83:28:11,forward,
2025-11-12T18:15:54.305195+00:00,1,13,20,ec:1a:59:83:28:11,18:b7:9e:02:20:44,forward,
2025-11-12T18:15:55.907042+00:00,1,20,13,18:b7:9e:02:20:44,ec:1a:59:83:28:11,forward,
2025-11-12T18:15:57.416748+00:00,1,13,16,ec:1a:59:83:28:11,00:24:e4:1b:6f:96,forward,
2025-11-12T18:15:58.757437+00:00,1,16,13,00:24:e4:1b:6f:96,ec:1a:59:83:28:11,forward,
2025-11-12T18:16:00.462054+00:00,1,13,18,ec:1a:59:83:28:11,00:24:e4:20:28:c6,forward,
2025-11-12T18:16:02.038013+00:00,1,18,13,00:24:e4:20:28:c6,ec:1a:59:83:28:11,forward,
2025-11-12T18:16:03.646800+00:00,1,13,9,ec:1a:59:83:28:11,00:24:e4:11:18:a8,forward,
2025-11-12T18:16:05.297883+00:00,1,9,13,00:24:e4:11:18:a8,ec:1a:59:83:28:11,forward,
2025-11-12T18:16:07.020354+00:00,1,10,17,ec:1a:59:79:f4:89,74:6a:89:00:2e:25,forward,
2025-11-12T18:16:09.318751+00:00,1,17,10,74:6a:89:00:2e:25,ec:1a:59:79:f4:89,forward,
2025-11-12T18:16:11.091082+00:00,1,10,6,ec:1a:59:79:f4:89,30:8c:fb:2f:e4:b2,forward,
2025-11-12T18:16:12.906021+00:00,1,6,10,30:8c:fb:2f:e4:b2,ec:1a:59:79:f4:89,forward,
2025-11-12T18:16:14.621839+00:00,1,10,31,ec:1a:59:79:f4:89,14:cc:20:51:33:ea,forward,
2025-11-12T18:16:15.104133+00:00,1,31,10,14:cc:20:51:33:ea,ec:1a:59:79:f4:89,forward,
2025-11-12T18:16:15.423641+00:00,1,10,22,ec:1a:59:79:f4:89,70:5a:0f:e4:9b:c0,forward,
2025-11-12T18:16:15.435736+00:00,1,22,10,70:5a:0f:e4:9b:c0,ec:1a:59:79:f4:89,forward,
2025-11-12T18:16:15.465053+00:00,1,10,12,ec:1a:59:79:f4:89,74:c6:3b:29:d7:1d,forward,
2025-11-12T18:16:15.475529+00:00,1,12,10,74:c6:3b:29:d7:1d,ec:1a:59:79:f4:89,forward,
2025-11-12T18:16:15.506790+00:00,1,10,8,ec:1a:59:79:f4:89,e8:ab:fa:19:de:4f,forward,
2025-11-12T18:16:16.333880+00:00,1,8,10,e8:ab:fa:19:de:4f,ec:1a:59:79:f4:89,forward,
2025-11-12T18:16:17.122118+00:00,1,10,7,ec:1a:59:79:f4:89,00:62:6e:51:27:2e,forward,
2025-11-12T18:16:18.682934+00:00,1,7,10,00:62:6e:51:27:2e,ec:1a:59:79:f4:89,forward,
2025-11-12T18:16:20.163299+00:00,1,10,29,ec:1a:59:79:f4:89,d0:a6:37:df:a1:e1,forward,
2025-11-12T18:16:21.507647+00:00,1,29,10,d0:a6:37:df:a1:e1,ec:1a:59:79:f4:89,forward,
2025-11-12T18:16:23.050895+00:00,1,10,26,ec:1a:59:79:f4:89,74:2f:68:81:69:42,forward,
2025-11-12T18:16:24.416195+00:00,1,26,10,74:2f:68:81:69:42,ec:1a:59:79:f4:89,forward,
2025-11-12T18:16:26.113806+00:00,1,10,19,ec:1a:59:79:f4:89,d0:73:d5:01:83:08,forward,
2025-11-12T18:16:27.549580+00:00,1,19,10,d0:73:d5:01:83:08,ec:1a:59:79:f4:89,forward,
2025-11-12T18:16:28.673319+00:00,1,10,27,ec:1a:59:79:f4:89,ac:bc:32:d4:6f:2f,forward,
2025-11-12T18:16:29.810817+00:00,1,27,10,ac:bc:32:d4:6f:2f,ec:1a:59:79:f4:89,forward,
2025-11-12T18:16:31.419039+00:00,1,10,30,ec:1a:59:79:f4:89,f4:5c:89:93:cc:85,forward,
2025-11-12T18:16:32.996976+00:00,1,30,10,f4:5c:89:93:cc:85,ec:1a:59:79:f4:89,forward,
2025-11-12T18:16:34.476348+00:00,1,10,24,ec:1a:59:79:f4:89,30:8c:fb:b6:ea:45,forward,
2025-11-12T18:16:35.875880+00:00,1,24,10,30:8c:fb:b6:ea:45,ec:1a:59:79:f4:89,forward,
2025-11-12T18:16:37.456677+00:00,1,10,14,ec:1a:59:79:f4:89,18:b4:30:25:be:e4,forward,
2025-11-12T18:16:38.867585+00:00,1,14,10,18:b4:30:25:be:e4,ec:1a:59:79:f4:89,forward,
2025-11-12T18:16:40.510460+00:00,1,10,15,ec:1a:59:79:f4:89,70:ee:50:03:b8:ac,forward,
2025-11-12T18:16:42.080019+00:00,1,15,10,70:ee:50:03:b8:ac,ec:1a:59:79:f4:89,forward,
2025-11-12T18:16:43.719723+00:00,1,10,3,ec:1a:59:79:f4:89,70:ee:50:18:34:43,forward,
2025-11-12T18:16:45.408103+00:00,1,3,10,70:ee:50:18:34:43,ec:1a:59:79:f4:89,forward,
2025-11-12T18:16:47.008029+00:00,1,10,21,ec:1a:59:79:f4:89,e0:76:d0:33:bb:85,forward,
2025-11-12T18:16:48.317249+00:00,1,21,10,e0:76:d0:33:bb:85,ec:1a:59:79:f4:89,forward,
2025-11-12T18:16:49.728657+00:00,1,10,23,ec:1a:59:79:f4:89,08:21:ef:3b:fc:e3,forward,
2025-11-12T18:16:51.327546+00:00,1,23,10,08:21:ef:3b:fc:e3,ec:1a:59:79:f4:89,forward,
2025-11-12T18:16:52.810877+00:00,1,10,5,ec:1a:59:79:f4:89,00:16:6c:ab:6b:88,forward,
2025-11-12T18:16:54.459723+00:00,1,5,10,00:16:6c:ab:6b:88,ec:1a:59:79:f4:89,forward,
2025-11-12T18:16:56.033186+00:00,1,10,1,ec:1a:59:79:f4:89,d0:52:a8:00:67:5e,forward,
2025-11-12T18:16:57.613767+00:00,1,1,10,d0:52:a8:00:67:5e,ec:1a:59:79:f4:89,forward,
2025-11-12T18:16:59.206431+00:00,1,10,11,ec:1a:59:79:f4:89,50:c7:bf:00:56:39,forward,
2025-11-12T18:17:00.470438+00:00,1,11,10,50:c7:bf:00:56:39,ec:1a:59:79:f4:89,forward,
2025-11-12T18:17:02.044144+00:00,1,10,4,ec:1a:59:79:f4:89,f4:f2:6d:93:51:f1,forward,
2025-11-12T18:17:03.696092+00:00,1,4,10,f4:f2:6d:93:51:f1,ec:1a:59:79:f4:89,forward,
2025-11-12T18:17:05.430145+00:00,1,10,20,ec:1a:59:79:f4:89,18:b7:9e:02:20:44,forward,
2025-11-12T18:17:06.965346+00:00,1,20,10,18:b7:9e:02:20:44,ec:1a:59:79:f4:89,forward,
2025-11-12T18:17:08.564375+00:00,1,10,16,ec:1a:59:79:f4:89,00:24:e4:1b:6f:96,forward,
2025-11-12T18:17:10.217301+00:00,1,16,10,00:24:e4:1b:6f:96,ec:1a:59:79:f4:89,forward,
2025-11-12T18:17:11.822756+00:00,1,10,18,ec:1a:59:79:f4:89,00:24:e4:20:28:c6,forward,
2025-11-12T18:17:12.984767+00:00,1,18,10,00:24:e4:20:28:c6,ec:1a:59:79:f4:89,forward,
2025-11-12T18:17:14.367601+00:00,1,10,9,ec:1a:59:79:f4:89,00:24:e4:11:18:a8,forward,
2025-11-12T18:17:16.076526+00:00,1,9,10,00:24:e4:11:18:a8,ec:1a:59:79:f4:89,forward,
2025-11-12T18:17:17.621770+00:00,1,17,6,74:6a:89:00:2e:25,30:8c:fb:2f:e4:b2,forward,
2025-11-12T18:17:19.274218+00:00,1,6,17,30:8c:fb:2f:e4:b2,74:6a:89:00:2e:25,forward,
2025-11-12T18:17:20.998662+00:00,1,17,31,74:6a:89:00:2e:25,14:cc:20:51:33:ea,forward,
2025-11-12T18:17:22.585895+00:00,1,31,17,14:cc:20:51:33:ea,74:6a:89:00:2e:25,forward,
2025-11-12T18:17:24.048295+00:00,1,17,22,74:6a:89:00:2e:25,70:5a:0f:e4:9b:c0,forward,
2025-11-12T18:17:25.751298+00:00,1,22,17,70:5a:0f:e4:9b:c0,74:6a:89:00:2e:25,forward,
2025-11-12T18:17:27.330754+00:00,1,17,12,74:6a:89:00:2e:25,74:c6:3b:29:d7:1d,forward,
2025-11-12T18:17:28.987543+00:00,1,12,17,74:c6:3b:29:d7:1d,74:6a:89:00:2e:25,forward,
2025-11-12T18:17:30.759469+00:00,1,17,8,74:6a:89:00:2e:25,e8:ab:fa:19:de:4f,forward,
2025-11-12T18:17:32.308887+00:00,1,8,17,e8:ab:fa:19:de:4f,74:6a:89:00:2e:25,forward,
2025-11-12T18:17:33.682561+00:00,1,17,7,74:6a:89:00:2e:25,00:62:6e:51:27:2e,forward,
2025-11-12T18:17:35.386884+00:00,1,7,17,00:62:6e:51:27:2e,74:6a:89:00:2e:25,forward,
2025-11-12T18:17:36.982263+00:00,1,17,29,74:6a:89:00:2e:25,d0:a6:37:df:a1:e1,forward,
2025-11-12T18:17:38.482765+00:00,1,29,17,d0:a6:37:df:a1:e1,74:6a:89:00:2e:25,forward,
2025-11-12T18:17:40.182188+00:00,1,17,26,74:6a:89:00:2e:25,74:2f:68:81:69:42,forward,
2025-11-12T18:17:41.735329+00:00,1,26,17,74:2f:68:81:69:42,74:6a:89:00:2e:25,forward,
2025-11-12T18:17:42.993902+00:00,1,17,19,74:6a:89:00:2e:25,d0:73:d5:01:83:08,forward,
2025-11-12T18:17:44.715121+00:00,1,19,17,d0:73:d5:01:83:08,74:6a:89:00:2e:25,forward,
2025-11-12T18:17:46.068697+00:00,1,17,27,74:6a:89:00:2e:25,ac:bc:32:d4:6f:2f,forward,
2025-11-12T18:17:47.657753+00:00,1,27,17,ac:bc:32:d4:6f:2f,74:6a:89:00:2e:25,forward,
2025-11-12T18:17:49.224921+00:00,1,17,30,74:6a:89:00:2e:25,f4:5c:89:93:cc:85,forward,
2025-11-12T18:17:50.987030+00:00,1,30,17,f4:5c:89:93:cc:85,74:6a:89:00:2e:25,forward,
2025-11-12T18:17:52.554208+00:00,1,17,24,74:6a:89:00:2e:25,30:8c:fb:b6:ea:45,forward,
2025-11-12T18:17:54.151610+00:00,1,24,17,30:8c:fb:b6:ea:45,74:6a:89:00:2e:25,forward,
2025-11-12T18:17:55.858117+00:00,1,17,14,74:6a:89:00:2e:25,18:b4:30:25:be:e4,forward,
2025-11-12T18:17:58.026549+00:00,1,14,17,18:b4:30:25:be:e4,74:6a:89:00:2e:25,forward,
2025-11-12T18:18:00.069024+00:00,1,17,15,74:6a:89:00:2e:25,70:ee:50:03:b8:ac,forward,
2025-11-12T18:18:01.574460+00:00,1,15,17,70:ee:50:03:b8:ac,74:6a:89:00:2e:25,forward,
2025-11-12T18:18:03.200418+00:00,1,17,3,74:6a:89:00:2e:25,70:ee:50:18:34:43,forward,
2025-11-12T18:18:04.398861+00:00,1,3,17,70:ee:50:18:34:43,74:6a:89:00:2e:25,forward,
2025-11-12T18:18:04.798970+00:00,1,17,21,74:6a:89:00:2e:25,e0:76:d0:33:bb:85,forward,
2025-11-12T18:18:05.020090+00:00,1,21,17,e0:76:d0:33:bb:85,74:6a:89:00:2e:25,forward,
2025-11-12T18:18:05.915300+00:00,1,17,23,74:6a:89:00:2e:25,08:21:ef:3b:fc:e3,forward,
2025-11-12T18:18:06.710367+00:00,1,23,17,08:21:ef:3b:fc:e3,74:6a:89:00:2e:25,forward,
2025-11-12T18:18:08.050088+00:00,1,17,5,74:6a:89:00:2e:25,00:16:6c:ab:6b:88,forward,
2025-11-12T18:18:09.633548+00:00,1,5,17,00:16:6c:ab:6b:88,74:6a:89:00:2e:25,forward,
2025-11-12T18:18:11.253045+00:00,1,17,1,74:6a:89:00:2e:25,d0:52:a8:00:67:5e,forward,
2025-11-12T18:18:12.766847+00:00,1,1,17,d0:52:a8:00:67:5e,74:6a:89:00:2e:25,forward,
2025-11-12T18:18:14.233558+00:00,1,17,11,74:6a:89:00:2e:25,50:c7:bf:00:56:39,forward,
2025-11-12T18:18:15.980116+00:00,1,11,17,50:c7:bf:00:56:39,74:6a:89:00:2e:25,forward,
2025-11-12T18:18:17.461726+00:00,1,17,4,74:6a:89:00:2e:25,f4:f2:6d:93:51:f1,forward,
2025-11-12T18:18:19.089456+00:00,1,4,17,f4:f2:6d:93:51:f1,74:6a:89:00:2e:25,forward,
2025-11-12T18:18:20.241108+00:00,1,17,20,74:6a:89:00:2e:25,18:b7:9e:02:20:44,forward,
2025-11-12T18:18:21.832731+00:00,1,20,17,18:b7:9e:02:20:44,74:6a:89:00:2e:25,forward,
2025-11-12T18:18:23.596658+00:00,1,17,16,74:6a:89:00:2e:25,00:24:e4:1b:6f:96,forward,
2025-11-12T18:18:25.179109+00:00,1,16,17,00:24:e4:1b:6f:96,74:6a:89:00:2e:25,forward,
2025-11-12T18:18:25.891090+00:00,1,17,18,74:6a:89:00:2e:25,00:24:e4:20:28:c6,forward,
2025-11-12T18:18:26.228528+00:00,1,18,17,00:24:e4:20:28:c6,74:6a:89:00:2e:25,forward,
2025-11-12T18:18:26.936221+00:00,1,17,9,74:6a:89:00:2e:25,00:24:e4:11:18:a8,forward,
2025-11-12T18:18:27.742018+00:00,1,9,17,00:24:e4:11:18:a8,74:6a:89:00:2e:25,forward,
2025-11-12T18:18:29.455438+00:00,1,6,31,30:8c:fb:2f:e4:b2,14:cc:20:51:33:ea,forward,
2025-11-12T18:18:30.788606+00:00,1,31,6,14:cc:20:51:33:ea,30:8c:fb:2f:e4:b2,forward,
2025-11-12T18:18:32.346174+00:00,1,6,22,30:8c:fb:2f:e4:b2,70:5a:0f:e4:9b:c0,forward,
2025-11-12T18:18:34.116124+00:00,1,22,6,70:5a:0f:e4:9b:c0,30:8c:fb:2f:e4:b2,forward,
2025-11-12T18:18:35.810761+00:00,1,6,12,30:8c:fb:2f:e4:b2,74:c6:3b:29:d7:1d,forward,
2025-11-12T18:18:37.371782+00:00,1,12,6,74:c6:3b:29:d7:1d,30:8c:fb:2f:e4:b2,forward,
2025-11-12T18:18:39.002060+00:00,1,6,8,30:8c:fb:2f:e4:b2,e8:ab:fa:19:de:4f,forward,
2025-11-12T18:18:40.895272+00:00,1,8,6,e8:ab:fa:19:de:4f,30:8c:fb:2f:e4:b2,forward,
2025-11-12T18:18:42.665952+00:00,1,6,7,30:8c:fb:2f:e4:b2,00:62:6e:51:27:2e,forward,
2025-11-12T18:18:43.105327+00:00,1,7,6,00:62:6e:51:27:2e,30:8c:fb:2f:e4:b2,forward,
2025-11-12T18:18:43.518083+00:00,1,6,29,30:8c:fb:2f:e4:b2,d0:a6:37:df:a1:e1,forward,
2025-11-12T18:18:43.908271+00:00,1,29,6,d0:a6:37:df:a1:e1,30:8c:fb:2f:e4:b2,forward,
2025-11-12T18:18:43.926250+00:00,1,6,26,30:8c:fb:2f:e4:b2,74:2f:68:81:69:42,forward,
2025-11-12T18:18:43.930886+00:00,1,26,6,74:2f:68:81:69:42,30:8c:fb:2f:e4:b2,forward,
2025-11-12T18:18:43.950308+00:00,1,6,19,30:8c:fb:2f:e4:b2,d0:73:d5:01:83:08,forward,
2025-11-12T18:18:43.954818+00:00,1,19,6,d0:73:d5:01:83:08,30:8c:fb:2f:e4:b2,forward,
2025-11-12T18:18:43.968526+00:00,1,6,27,30:8c:fb:2f:e4:b2,ac:bc:32:d4:6f:2f,forward,
2025-11-12T18:18:43.973106+00:00,1,27,6,ac:bc:32:d4:6f:2f,30:8c:fb:2f:e4:b2,forward,
2025-11-12T18:18:43.987964+00:00,1,6,30,30:8c:fb:2f:e4:b2,f4:5c:89:93:cc:85,forward,
2025-11-12T18:18:43.992446+00:00,1,30,6,f4:5c:89:93:cc:85,30:8c:fb:2f:e4:b2,forward,
2025-11-12T18:18:44.006202+00:00,1,6,24,30:8c:fb:2f:e4:b2,30:8c:fb:b6:ea:45,forward,
2025-11-12T18:18:44.406098+00:00,1,24,6,30:8c:fb:b6:ea:45,30:8c:fb:2f:e4:b2,forward,
2025-11-12T18:18:44.420959+00:00,1,6,14,30:8c:fb:2f:e4:b2,18:b4:30:25:be:e4,forward,
2025-11-12T18:18:44.425336+00:00,1,14,6,18:b4:30:25:be:e4,30:8c:fb:2f:e4:b2,forward,
2025-11-12T18:21:02.905942+00:00,1,1,31,30:8c:fb:2f:e4:b2,14:cc:20:51:33:ea,forward,
2025-11-12T18:21:03.422350+00:00,1,1,1,14:cc:20:51:33:ea,30:8c:fb:2f:e4:b2,forward,
2025-11-12T18:21:03.439993+00:00,1,1,1,d0:52:a8:00:67:5e,14:cc:20:51:33:ea,forward,
2025-11-12T18:21:03.445879+00:00,1,1,1,14:cc:20:51:33:ea,d0:52:a8:00:67:5e,forward,
2025-11-12T18:21:04.904185+00:00,1,1,1,e0:76:d0:3f:00:ae,14:cc:20:51:33:ea,forward,
2025-11-12T18:21:04.927477+00:00,1,1,1,e0:76:d0:3f:00:ae,14:cc:20:51:33:ea,forward,
2025-11-12T18:21:04.931301+00:00,1,1,1,14:cc:20:51:33:ea,e0:76:d0:3f:00:ae,forward,
2025-11-12T18:21:05.855305+00:00,1,1,1,e0:76:d0:3f:00:ae,14:cc:20:51:33:ea,forward,
2025-11-12T18:21:07.280463+00:00,1,1,3,14:cc:20:51:33:ea,70:ee:50:18:34:43,forward,
2025-11-12T18:21:09.337450+00:00,1,1,1,00:16:6c:ab:6b:88,14:cc:20:51:33:ea,forward,
2025-11-12T18:21:09.339458+00:00,1,1,1,74:c6:3b:29:d7:1d,14:cc:20:51:33:ea,forward,
2025-11-12T18:21:09.346195+00:00,1,1,1,14:cc:20:51:33:ea,00:16:6c:ab:6b:88,forward,
2025-11-12T18:21:09.347859+00:00,1,1,1,00:16:6c:ab:6b:88,14:cc:20:51:33:ea,forward,
2025-11-12T18:21:09.352216+00:00,1,1,1,14:cc:20:51:33:ea,74:c6:3b:29:d7:1d,forward,
2025-11-12T18:21:09.355475+00:00,1,1,1,f4:f5:d8:d4:eb:12,14:cc:20:51:33:ea,forward,
2025-11-12T18:21:09.357069+00:00,1,1,1,14:cc:20:51:33:ea,f4:f5:d8:d4:eb:12,forward,
2025-11-12T18:29:45.430108+00:00,1,1,31,30:8c:fb:2f:e4:b2,14:cc:20:51:33:ea,forward,
2025-11-12T18:29:45.437057+00:00,1,1,1,14:cc:20:51:33:ea,30:8c:fb:2f:e4:b2,forward,
2025-11-12T18:29:45.442978+00:00,1,1,1,d0:52:a8:00:67:5e,14:cc:20:51:33:ea,forward,
2025-11-12T18:29:45.458938+00:00,1,1,1,14:cc:20:51:33:ea,d0:52:a8:00:67:5e,forward,
2025-11-12T18:29:46.912167+00:00,1,1,1,e0:76:d0:3f:00:ae,14:cc:20:51:33:ea,forward,
2025-11-12T18:29:46.918954+00:00,1,1,1,e0:76:d0:3f:00:ae,14:cc:20:51:33:ea,forward,
2025-11-12T18:29:46.922741+00:00,1,1,1,14:cc:20:51:33:ea,e0:76:d0:3f:00:ae,forward,
2025-11-12T18:29:46.926641+00:00,1,1,1,e0:76:d0:3f:00:ae,14:cc:20:51:33:ea,forward,
2025-11-12T18:29:46.930448+00:00,1,1,1,30:8c:fb:2f:e4:b2,14:cc:20:51:33:ea,forward,
2025-11-12T18:29:46.932146+00:00,1,1,3,14:cc:20:51:33:ea,70:ee:50:18:34:43,forward,
2025-11-12T18:29:46.937852+00:00,1,1,1,14:cc:20:51:33:ea,e0:76:d0:3f:00:ae,forward,
2025-11-12T18:29:47.317611+00:00,1,1,1,14:cc:20:51:33:ea,e0:76:d0:3f:00:ae,forward,
2025-11-12T18:29:47.341441+00:00,1,1,1,e0:76:d0:3f:00:ae,14:cc:20:51:33:ea,forward,
2025-11-12T18:29:47.347353+00:00,1,1,1,e0:76:d0:3f:00:ae,14:cc:20:51:33:ea,forward,
2025-11-12T18:29:47.352029+00:00,1,1,1,14:cc:20:51:33:ea,30:8c:fb:2f:e4:b2,forward,
2025-11-12T18:29:47.357664+00:00,1,1,1,14:cc:20:51:33:ea,e0:76:d0:3f:00:ae,forward,
2025-11-12T18:29:47.361097+00:00,1,1,1,e0:76:d0:3f:00:ae,14:cc:20:51:33:ea,forward,
2025-11-12T18:29:47.366576+00:00,1,1,1,14:cc:20:51:33:ea,e0:76:d0:3f:00:ae,forward,
2025-11-12T18:29:47.367973+00:00,1,1,1,30:8c:fb:2f:e4:b2,14:cc:20:51:33:ea,forward,
2025-11-12T18:29:47.549937+00:00,1,1,1,14:cc:20:51:33:ea,30:8c:fb:2f:e4:b2,forward,
2025-11-12T18:29:49.699569+00:00,1,1,1,30:8c:fb:2f:e4:b2,14:cc:20:51:33:ea,forward,
2025-11-12T18:29:49.710060+00:00,1,1,1,14:cc:20:51:33:ea,30:8c:fb:2f:e4:b2,forward,
2025-11-12T18:29:49.714122+00:00,1,1,1,30:8c:fb:2f:e4:b2,14:cc:20:51:33:ea,forward,
2025-11-12T18:29:49.721210+00:00,1,1,1,14:cc:20:51:33:ea,30:8c:fb:2f:e4:b2,forward,
2025-11-12T18:29:49.725154+00:00,1,1,1,00:16:6c:ab:6b:88,14:cc:20:51:33:ea,forward,
2025-11-12T18:29:49.730961+00:00,1,1,1,e0:76:d0:3f:00:ae,14:cc:20:51:33:ea,forward,
2025-11-12T18:29:49.735497+00:00,1,1,1,74:c6:3b:29:d7:1d,14:cc:20:51:33:ea,forward,
2025-11-12T18:29:49.741374+00:00,1,1,1,14:cc:20:51:33:ea,00:16:6c:ab:6b:88,forward,
2025-11-12T18:29:49.749742+00:00,1,1,1,00:16:6c:ab:6b:88,14:cc:20:51:33:ea,forward,
2025-11-12T18:29:49.752250+00:00,1,1,1,14:cc:20:51:33:ea,e0:76:d0:3f:00:ae,forward,
2025-11-12T18:29:49.761755+00:00,1,1,1,e0:76:d0:3f:00:ae,14:cc:20:51:33:ea,forward,
2025-11-12T18:29:49.763342+00:00,1,1,1,e0:76:d0:3f:00:ae,14:cc:20:51:33:ea,forward,
2025-11-12T18:29:49.767282+00:00,1,1,1,14:cc:20:51:33:ea,e0:76:d0:3f:00:ae,forward,
2025-11-12T18:29:49.770996+00:00,1,1,1,14:cc:20:51:33:ea,e0:76:d0:3f:00:ae,forward,
2025-11-12T18:29:49.774475+00:00,1,1,1,e0:76:d0:3f:00:ae,14:cc:20:51:33:ea,forward,
2025-11-12T18:29:49.778183+00:00,1,1,1,14:cc:20:51:33:ea,74:c6:3b:29:d7:1d,forward,
2025-11-12T18:29:49.781900+00:00,1,1,1,14:cc:20:51:33:ea,e0:76:d0:3f:00:ae,forward,
2025-11-12T18:29:49.830675+00:00,1,1,1,e0:76:d0:3f:00:ae,14:cc:20:51:33:ea,forward,
2025-11-12T18:29:49.836183+00:00,1,1,1,e0:76:d0:3f:00:ae,14:cc:20:51:33:ea,forward,
2025-11-12T18:29:49.840664+00:00,1,1,1,14:cc:20:51:33:ea,e0:76:d0:3f:00:ae,forward,
2025-11-12T18:29:49.845257+00:00,1,1,1,14:cc:20:51:33:ea,e0:76:d0:3f:00:ae,forward,
2025-11-12T18:29:49.851516+00:00,1,1,1,14:cc:20:51:33:ea,e0:76:d0:3f:00:ae,forward,
2025-11-12T18:29:49.857753+00:00,1,1,1,14:cc:20:51:33:ea,e0:76:d0:3f:00:ae,forward,
2025-11-12T18:29:49.859987+00:00,1,1,1,e0:76:d0:3f:00:ae,14:cc:20:51:33:ea,forward,
2025-11-12T18:29:49.864244+00:00,1,1,1,e0:76:d0:3f:00:ae,14:cc:20:51:33:ea,forward,
2025-11-12T18:29:49.871965+00:00,1,1,1,e0:76:d0:3f:00:ae,14:cc:20:51:33:ea,forward,
2025-11-12T18:29:49.876949+00:00,1,1,1,f4:f5:d8:d4:eb:12,14:cc:20:51:33:ea,forward,
2025-11-12T18:29:49.882038+00:00,1,1,1,14:cc:20:51:33:ea,f4:f5:d8:d4:eb:12,forward,
2025-11-12T18:29:49.884143+00:00,1,1,1,e0:76:d0:3f:00:ae,14:cc:20:51:33:ea,forward,
