pcap,start,end,family
ssdp_flood1.pcap,1540153052.0,1540138652.635228,ssdp
ssdp_flood2.pcap,1540153772.0,1540139372.73067,ssdp
ssdp_flood3.pcap,1540159292.0,1540144892.305198,ssdp
ssdp_flood4.pcap,1540159292.0,1540144892.555525,ssdp
ssdp_flood5.pcap,1540166042.0,1540151642.729661,ssdp
ssdp_flood6.pcap,1540166072.0,1540151672.734055,ssdp
mixed1.pcap,1539954034.001079,1539954035.001079,ssdp
mixed1.pcap,1539954041.001079,1539954042.001079,ssdp
mixed1.pcap,1539954057.001079,1539954058.001079,ssdp
mixed1.pcap,1539954064.001079,1539954065.001079,ssdp
mixed1.pcap,1539954094.001079,1539954095.001079,ssdp
mixed1.pcap,1539954097.001079,1539954100.001079,ssdp
mixed1.pcap,1539954113.001079,1539954114.001079,ssdp
mixed1.pcap,1539954120.001079,1539954121.001079,ssdp
mixed1.pcap,1539954124.001079,1539954125.001079,ssdp
mixed1.pcap,1539954154.001079,1539954155.001079,ssdp
mixed1.pcap,1539954163.001079,1539954164.001079,ssdp
mixed1.pcap,1539954184.001079,1539954185.001079,ssdp
mixed1.pcap,1539954214.001079,1539954215.001079,ssdp
mixed1.pcap,1539954216.001079,1539954217.001079,ssdp
mixed1.pcap,1539954219.001079,1539954223.001079,ssdp
mixed1.pcap,1539954244.001079,1539954245.001079,ssdp
mixed1.pcap,1539954270.001079,1539954271.001079,ssdp
mixed1.pcap,1539954274.001079,1539954275.001079,ssdp
mixed1.pcap,1539954304.001079,1539954305.001079,ssdp
mixed1.pcap,1539954321.001079,1539954322.001079,ssdp
mixed1.pcap,1539954329.001079,1539954330.001079,ssdp
mixed1.pcap,1539954334.001079,1539954335.001079,ssdp
mixed1.pcap,1539954364.001079,1539954365.001079,ssdp
mixed1.pcap,1539954371.001079,1539954373.001079,ssdp
mixed1.pcap,1539954375.001079,1539954376.001079,ssdp
mixed1.pcap,1539954377.001079,1539954378.001079,ssdp
mixed1.pcap,1539954394.001079,1539954395.001079,ssdp
mixed1.pcap,1539954424.001079,1539954425.001079,ssdp
mixed1.pcap,1539954427.001079,1539954428.001079,ssdp
mixed1.pcap,1539954454.001079,1539954456.001079,ssdp
mixed1.pcap,1539954478.001079,1539954479.001079,ssdp
mixed1.pcap,1539954484.001079,1539954486.001079,ssdp
mixed1.pcap,1539954499.001079,1539954500.001079,ssdp
mixed1.pcap,1539954514.001079,1539954516.001079,ssdp
mixed1.pcap,1539954518.001079,1539954520.001079,ssdp
mixed1.pcap,1539954534.001079,1539954535.001079,ssdp
mixed1.pcap,1539954544.001079,1539954546.001079,ssdp
mixed1.pcap,1539954574.001079,1539954576.001079,ssdp
mixed1.pcap,1539954584.001079,1539954585.001079,ssdp
mixed1.pcap,1539954604.001079,1539954606.001079,ssdp
mixed1.pcap,1539954634.001079,1539954636.001079,ssdp
mixed1.pcap,1539954644.001079,1539954645.001079,ssdp
mixed1.pcap,1539954664.001079,1539954666.001079,ssdp
mixed1.pcap,1539954672.001079,1539954673.001079,ssdp
mixed1.pcap,1539954674.001079,1539954677.001079,ssdp
mixed1.pcap,1539954690.001079,1539954691.001079,ssdp
mixed1.pcap,1539954694.001079,1539954696.001079,ssdp
mixed1.pcap,1539954724.001079,1539954726.001079,ssdp
mixed1.pcap,1539954741.001079,1539954742.001079,ssdp
mixed1.pcap,1539954754.001079,1539954756.001079,ssdp
mixed1.pcap,1539954778.001079,1539954779.001079,ssdp
mixed1.pcap,1539954784.001079,1539954786.001079,ssdp
mixed1.pcap,1539954791.001079,1539954792.001079,ssdp
mixed1.pcap,1539954801.001079,1539954804.001079,ssdp
mixed1.pcap,1539954814.001079,1539954816.001079,ssdp
mixed1.pcap,1539954844.001079,1539954848.001079,ssdp
mixed1.pcap,1539954874.001079,1539954876.001079,ssdp
mixed1.pcap,1539954897.001079,1539954898.001079,ssdp
mixed1.pcap,1539954904.001079,1539954906.001079,ssdp
mixed1.pcap,1539954934.001079,1539954936.001079,ssdp
mixed1.pcap,1539954948.001079,1539954949.001079,ssdp
mixed1.pcap,1539954957.001079,1539954958.001079,ssdp
mixed1.pcap,1539954965.001079,1539954967.001079,ssdp
mixed1.pcap,1539954968.001079,1539954969.001079,ssdp
mixed1.pcap,1539954994.001079,1539954996.001079,ssdp
mixed1.pcap,1539955020.001079,1539955021.001079,ssdp
mixed1.pcap,1539955024.001079,1539955026.001079,ssdp
mixed1.pcap,1539955054.001079,1539955056.001079,ssdp
mixed1.pcap,1539955070.001079,1539955071.001079,ssdp
mixed1.pcap,1539955085.001079,1539955086.001079,ssdp
mixed1.pcap,1539955104.001079,1539955107.001079,ssdp
mixed1.pcap,1539955115.001079,1539955116.001079,ssdp
mixed1.pcap,1539955118.001079,1539955119.001079,ssdp
mixed1.pcap,1539955125.001079,1539955127.001079,ssdp
mixed1.pcap,1539955145.001079,1539955146.001079,ssdp
mixed1.pcap,1539955175.001079,1539955177.001079,ssdp
mixed1.pcap,1539955205.001079,1539955206.001079,ssdp
mixed1.pcap,1539955227.001079,1539955228.001079,ssdp
mixed1.pcap,1539955235.001079,1539955236.001079,ssdp
mixed1.pcap,1539955251.001079,1539955253.001079,ssdp
mixed1.pcap,1539955265.001079,1539955266.001079,ssdp
mixed1.pcap,1539955280.001079,1539955282.001079,ssdp
mixed1.pcap,1539955290.001079,1539955291.001079,ssdp
mixed1.pcap,1539955292.001079,1539955293.001079,ssdp
mixed1.pcap,1539955295.001079,1539955296.001079,ssdp
mixed1.pcap,1539955325.001079,1539955326.001079,ssdp
mixed1.pcap,1539955333.001079,1539955334.001079,ssdp
mixed1.pcap,1539955355.001079,1539955356.001079,ssdp
mixed1.pcap,1539955383.001079,1539955384.001079,ssdp
mixed1.pcap,1539955385.001079,1539955386.001079,ssdp
mixed1.pcap,1539955400.001079,1539955401.001079,ssdp
mixed1.pcap,1539955402.001079,1539955404.001079,ssdp
mixed1.pcap,1539955415.001079,1539955416.001079,ssdp
mixed1.pcap,1539955422.001079,1539955423.001079,ssdp
mixed1.pcap,1539955439.001079,1539955440.001079,ssdp
mixed1.pcap,1539955445.001079,1539955446.001079,ssdp
mixed1.pcap,1539955475.001079,1539955476.001079,ssdp
mixed1.pcap,1539955489.001079,1539955490.001079,ssdp
mixed1.pcap,1539955505.001079,1539955506.001079,ssdp
mixed1.pcap,1539955535.001079,1539955536.001079,ssdp
mixed1.pcap,1539955540.001079,1539955541.001079,ssdp
mixed1.pcap,1539955565.001079,1539955566.001079,ssdp
mixed1.pcap,1539955571.001079,1539955573.001079,ssdp
mixed1.pcap,1539955595.001079,1539955597.001079,ssdp
mixed1.pcap,1539955625.001079,1539955626.001079,ssdp
mixed1.pcap,1539955646.001079,1539955648.001079,ssdp
mixed1.pcap,1539955655.001079,1539955656.001079,ssdp
mixed1.pcap,1539955685.001079,1539955686.001079,ssdp
mixed1.pcap,1539955697.001079,1539955698.001079,ssdp
mixed1.pcap,1539955715.001079,1539955716.001079,ssdp
mixed1.pcap,1539955718.001079,1539955721.001079,ssdp
mixed1.pcap,1539955734.001079,1539955735.001079,ssdp
mixed1.pcap,1539955745.001079,1539955746.001079,ssdp
mixed1.pcap,1539955753.001079,1539955754.001079,ssdp
mixed1.pcap,1539955775.001079,1539955776.001079,ssdp
mixed1.pcap,1539955803.001079,1539955806.001079,ssdp
mixed1.pcap,1539955835.001079,1539955836.001079,ssdp
mixed1.pcap,1539955854.001079,1539955855.001079,ssdp
mixed1.pcap,1539955856.001079,1539955858.001079,ssdp
mixed1.pcap,1539955865.001079,1539955866.001079,ssdp
mixed1.pcap,1539955895.001079,1539955896.001079,ssdp
mixed1.pcap,1539955900.001079,1539955901.001079,ssdp
mixed1.pcap,1539955925.001079,1539955926.001079,ssdp
mixed1.pcap,1539955955.001079,1539955956.001079,ssdp
mixed1.pcap,1539955976.001079,1539955977.001079,ssdp
mixed1.pcap,1539955979.001079,1539955980.001079,ssdp
mixed1.pcap,1539955982.001079,1539955984.001079,ssdp
mixed1.pcap,1539955985.001079,1539955986.001079,ssdp
mixed1.pcap,1539956015.001079,1539956016.001079,ssdp
mixed1.pcap,1539956030.001079,1539956031.001079,ssdp
mixed1.pcap,1539956045.001079,1539956046.001079,ssdp
mixed1.pcap,1539956070.001079,1539956071.001079,ssdp
mixed1.pcap,1539956075.001079,1539956076.001079,ssdp
mixed1.pcap,1539956083.001079,1539956084.001079,ssdp
mixed1.pcap,1539956105.001079,1539956106.001079,ssdp
mixed1.pcap,1539956117.001079,1539956119.001079,ssdp
mixed1.pcap,1539956135.001079,1539956136.001079,ssdp
mixed1.pcap,1539956137.001079,1539956138.001079,ssdp
mixed1.pcap,1539956165.001079,1539956166.001079,ssdp
mixed1.pcap,1539956187.001079,1539956188.001079,ssdp
mixed1.pcap,1539956195.001079,1539956196.001079,ssdp
mixed1.pcap,1539956225.001079,1539956226.001079,ssdp
mixed1.pcap,1539956239.001079,1539956240.001079,ssdp
mixed1.pcap,1539956255.001079,1539956256.001079,ssdp
mixed1.pcap,1539956285.001079,1539956286.001079,ssdp
mixed1.pcap,1539956290.001079,1539956291.001079,ssdp
mixed1.pcap,1539956295.001079,1539956297.001079,ssdp
mixed1.pcap,1539956315.001079,1539956316.001079,ssdp
mixed1.pcap,1539956344.001079,1539956346.001079,ssdp
mixed1.pcap,1539956375.001079,1539956376.001079,ssdp
mixed1.pcap,1539956396.001079,1539956397.001079,ssdp
mixed1.pcap,1539956405.001079,1539956406.001079,ssdp
mixed1.pcap,1539956435.001079,1539956436.001079,ssdp
mixed1.pcap,1539956440.001079,1539956442.001079,ssdp
mixed1.pcap,1539956449.001079,1539956450.001079,ssdp
mixed1.pcap,1539956465.001079,1539956466.001079,ssdp
mixed1.pcap,1539956495.001079,1539956496.001079,ssdp
mixed1.pcap,1539956500.001079,1539956501.001079,ssdp
mixed1.pcap,1539956506.001079,1539956507.001079,ssdp
mixed1.pcap,1539956525.001079,1539956526.001079,ssdp
mixed1.pcap,1539956552.001079,1539956553.001079,ssdp
mixed1.pcap,1539956555.001079,1539956557.001079,ssdp
mixed1.pcap,1539956568.001079,1539956570.001079,ssdp
mixed1.pcap,1539956585.001079,1539956587.001079,ssdp
mixed1.pcap,1539956606.001079,1539956607.001079,ssdp
mixed1.pcap,1539956615.001079,1539956617.001079,ssdp
mixed1.pcap,1539956639.001079,1539956640.001079,ssdp
mixed1.pcap,1539956641.001079,1539956642.001079,ssdp
mixed1.pcap,1539956645.001079,1539956647.001079,ssdp
mixed1.pcap,1539956655.001079,1539956656.001079,ssdp
mixed1.pcap,1539956658.001079,1539956659.001079,ssdp
mixed1.pcap,1539956675.001079,1539956677.001079,ssdp
mixed1.pcap,1539956700.001079,1539956702.001079,ssdp
mixed1.pcap,1539956705.001079,1539956707.001079,ssdp
mixed1.pcap,1539956711.001079,1539956712.001079,ssdp
mixed1.pcap,1539956735.001079,1539956737.001079,ssdp
mixed1.pcap,1539956762.001079,1539956763.001079,ssdp
mixed1.pcap,1539956765.001079,1539956767.001079,ssdp
mixed1.pcap,1539956795.001079,1539956797.001079,ssdp
mixed1.pcap,1539956813.001079,1539956814.001079,ssdp
mixed1.pcap,1539956825.001079,1539956827.001079,ssdp
mixed1.pcap,1539956829.001079,1539956831.001079,ssdp
mixed1.pcap,1539956855.001079,1539956857.001079,ssdp
mixed1.pcap,1539956874.001079,1539956876.001079,ssdp
mixed1.pcap,1539956883.001079,1539956887.001079,ssdp
mixed1.pcap,1539956915.001079,1539956917.001079,ssdp
mixed1.pcap,1539956934.001079,1539956935.001079,ssdp
mixed1.pcap,1539956941.001079,1539956942.001079,ssdp
mixed1.pcap,1539956945.001079,1539956947.001079,ssdp
mixed1.pcap,1539956973.001079,1539956974.001079,ssdp
mixed1.pcap,1539956975.001079,1539956977.001079,ssdp
mixed1.pcap,1539956986.001079,1539956988.001079,ssdp
mixed1.pcap,1539957005.001079,1539957007.001079,ssdp
mixed1.pcap,1539957018.001079,1539957022.001079,ssdp
mixed1.pcap,1539957035.001079,1539957037.001079,ssdp
mixed1.pcap,1539957041.001079,1539957042.001079,ssdp
mixed1.pcap,1539957065.001079,1539957067.001079,ssdp
mixed1.pcap,1539957092.001079,1539957093.001079,ssdp
mixed1.pcap,1539957095.001079,1539957097.001079,ssdp
mixed1.pcap,1539957106.001079,1539957107.001079,ssdp
mixed1.pcap,1539957125.001079,1539957127.001079,ssdp
mixed1.pcap,1539957140.001079,1539957142.001079,ssdp
mixed1.pcap,1539957147.001079,1539957148.001079,ssdp
mixed1.pcap,1539957155.001079,1539957157.001079,ssdp
mixed1.pcap,1539957185.001079,1539957187.001079,ssdp
mixed1.pcap,1539957198.001079,1539957199.001079,ssdp
mixed1.pcap,1539957215.001079,1539957218.001079,ssdp
mixed1.pcap,1539957231.001079,1539957232.001079,ssdp
mixed1.pcap,1539957245.001079,1539957247.001079,ssdp
mixed1.pcap,1539957250.001079,1539957252.001079,ssdp
mixed1.pcap,1539957275.001079,1539957277.001079,ssdp
mixed1.pcap,1539957301.001079,1539957302.001079,ssdp
mixed1.pcap,1539957305.001079,1539957310.001079,ssdp
mixed1.pcap,1539957335.001079,1539957337.001079,ssdp
mixed1.pcap,1539957355.001079,1539957356.001079,ssdp
mixed1.pcap,1539957365.001079,1539957367.001079,ssdp
mixed1.pcap,1539957395.001079,1539957397.001079,ssdp
mixed1.pcap,1539957399.001079,1539957400.001079,ssdp
mixed1.pcap,1539957407.001079,1539957408.001079,ssdp
mixed1.pcap,1539957425.001079,1539957427.001079,ssdp
mixed1.pcap,1539957438.001079,1539957439.001079,ssdp
mixed1.pcap,1539957455.001079,1539957457.001079,ssdp
mixed1.pcap,1539957461.001079,1539957462.001079,ssdp
mixed1.pcap,1539957485.001079,1539957487.001079,ssdp
mixed1.pcap,1539957512.001079,1539957513.001079,ssdp
mixed1.pcap,1539957515.001079,1539957517.001079,ssdp
mixed1.pcap,1539957533.001079,1539957535.001079,ssdp
mixed1.pcap,1539957545.001079,1539957547.001079,ssdp
mixed1.pcap,1539957564.001079,1539957568.001079,ssdp
mixed1.pcap,1539957569.001079,1539957570.001079,ssdp
mixed1.pcap,1539957575.001079,1539957577.001079,ssdp
mixed1.pcap,1539957605.001079,1539957607.001079,ssdp
mixed1.pcap,1539957619.001079,1539957620.001079,ssdp
mixed1.pcap,1539957635.001079,1539957637.001079,ssdp
mixed1.pcap,1539957665.001079,1539957667.001079,ssdp
mixed1.pcap,1539957670.001079,1539957671.001079,ssdp
mixed1.pcap,1539957695.001079,1539957697.001079,ssdp
mixed1.pcap,1539957725.001079,1539957727.001079,ssdp
mixed1.pcap,1539957728.001079,1539957732.001079,ssdp
mixed1.pcap,1539957741.001079,1539957742.001079,ssdp
mixed1.pcap,1539957755.001079,1539957757.001079,ssdp
mixed1.pcap,1539957785.001079,1539957787.001079,ssdp
mixed1.pcap,1539957792.001079,1539957793.001079,ssdp
mixed1.pcap,1539957815.001079,1539957816.001079,ssdp
mixed1.pcap,1539957844.001079,1539957846.001079,ssdp
mixed1.pcap,1539957875.001079,1539957876.001079,ssdp
mixed1.pcap,1539957882.001079,1539957883.001079,ssdp
mixed1.pcap,1539957884.001079,1539957887.001079,ssdp
mixed1.pcap,1539957898.001079,1539957899.001079,ssdp
mixed1.pcap,1539957905.001079,1539957906.001079,ssdp
mixed1.pcap,1539957935.001079,1539957936.001079,ssdp
mixed1.pcap,1539957948.001079,1539957950.001079,ssdp
mixed1.pcap,1539957965.001079,1539957967.001079,ssdp
mixed1.pcap,1539957992.001079,1539957993.001079,ssdp
mixed1.pcap,1539957995.001079,1539957996.001079,ssdp
mixed1.pcap,1539958000.001079,1539958002.001079,ssdp
mixed1.pcap,1539958025.001079,1539958027.001079,ssdp
mixed1.pcap,1539958048.001079,1539958049.001079,ssdp
mixed1.pcap,1539958051.001079,1539958052.001079,ssdp
mixed1.pcap,1539958055.001079,1539958058.001079,ssdp
mixed1.pcap,1539958085.001079,1539958087.001079,ssdp
mixed1.pcap,1539958105.001079,1539958106.001079,ssdp
mixed1.pcap,1539958115.001079,1539958117.001079,ssdp
mixed1.pcap,1539958145.001079,1539958147.001079,ssdp
mixed1.pcap,1539958156.001079,1539958157.001079,ssdp
mixed1.pcap,1539958163.001079,1539958164.001079,ssdp
mixed1.pcap,1539958165.001079,1539958166.001079,ssdp
mixed1.pcap,1539958175.001079,1539958177.001079,ssdp
mixed1.pcap,1539958185.001079,1539958188.001079,ssdp
mixed1.pcap,1539958205.001079,1539958207.001079,ssdp
mixed1.pcap,1539958212.001079,1539958213.001079,ssdp
mixed1.pcap,1539958235.001079,1539958237.001079,ssdp
mixed1.pcap,1539958262.001079,1539958264.001079,ssdp
mixed1.pcap,1539958265.001079,1539958267.001079,ssdp
mixed1.pcap,1539958288.001079,1539958289.001079,ssdp
mixed1.pcap,1539958295.001079,1539958297.001079,ssdp
mixed1.pcap,1539958313.001079,1539958314.001079,ssdp
mixed1.pcap,1539958316.001079,1539958317.001079,ssdp
mixed1.pcap,1539958325.001079,1539958327.001079,ssdp
mixed1.pcap,1539958355.001079,1539958358.001079,ssdp
mixed1.pcap,1539958368.001079,1539958370.001079,ssdp
mixed1.pcap,1539958385.001079,1539958387.001079,ssdp
mixed1.pcap,1539958401.001079,1539958402.001079,ssdp
mixed1.pcap,1539958415.001079,1539958417.001079,ssdp
mixed1.pcap,1539958419.001079,1539958420.001079,ssdp
mixed1.pcap,1539958442.001079,1539958443.001079,ssdp
mixed1.pcap,1539958445.001079,1539958447.001079,ssdp
mixed1.pcap,1539958464.001079,1539958465.001079,ssdp
mixed1.pcap,1539958471.001079,1539958472.001079,ssdp
mixed1.pcap,1539958475.001079,1539958477.001079,ssdp
mixed1.pcap,1539958487.001079,1539958488.001079,ssdp
mixed1.pcap,1539958489.001079,1539958491.001079,ssdp
mixed1.pcap,1539958505.001079,1539958507.001079,ssdp
mixed1.pcap,1539958525.001079,1539958526.001079,ssdp
mixed1.pcap,1539958535.001079,1539958537.001079,ssdp
mixed1.pcap,1539958565.001079,1539958567.001079,ssdp
mixed1.pcap,1539958575.001079,1539958576.001079,ssdp
mixed1.pcap,1539958578.001079,1539958579.001079,ssdp
mixed1.pcap,1539958580.001079,1539958581.001079,ssdp
mixed1.pcap,1539958595.001079,1539958597.001079,ssdp
mixed1.pcap,1539958624.001079,1539958627.001079,ssdp
mixed1.pcap,1539958647.001079,1539958648.001079,ssdp
mixed1.pcap,1539958655.001079,1539958657.001079,ssdp
mixed1.pcap,1539958685.001079,1539958687.001079,ssdp
mixed1.pcap,1539958698.001079,1539958699.001079,ssdp
mixed1.pcap,1539958712.001079,1539958713.001079,ssdp
mixed1.pcap,1539958715.001079,1539958717.001079,ssdp
mixed1.pcap,1539958745.001079,1539958747.001079,ssdp
mixed1.pcap,1539958750.001079,1539958751.001079,ssdp
mixed1.pcap,1539958776.001079,1539958777.001079,ssdp
mixed1.pcap,1539958792.001079,1539958796.001079,ssdp
mixed1.pcap,1539958805.001079,1539958808.001079,ssdp
mixed1.pcap,1539958836.001079,1539958837.001079,ssdp
mixed1.pcap,1539958855.001079,1539958856.001079,ssdp
mixed1.pcap,1539958866.001079,1539958867.001079,ssdp
mixed1.pcap,1539958880.001079,1539958881.001079,ssdp
mixed1.pcap,1539958896.001079,1539958897.001079,ssdp
mixed1.pcap,1539958908.001079,1539958909.001079,ssdp
mixed1.pcap,1539958926.001079,1539958927.001079,ssdp
mixed1.pcap,1539958956.001079,1539958957.001079,ssdp
mixed1.pcap,1539958958.001079,1539958960.001079,ssdp
mixed1.pcap,1539958961.001079,1539958962.001079,ssdp
mixed1.pcap,1539958986.001079,1539958987.001079,ssdp
mixed1.pcap,1539959001.001079,1539959003.001079,ssdp
mixed1.pcap,1539959014.001079,1539959015.001079,ssdp
mixed1.pcap,1539959016.001079,1539959017.001079,ssdp
mixed1.pcap,1539959046.001079,1539959047.001079,ssdp
mixed1.pcap,1539959065.001079,1539959066.001079,ssdp
mixed1.pcap,1539959076.001079,1539959077.001079,ssdp
mixed1.pcap,1539959106.001079,1539959107.001079,ssdp
mixed1.pcap,1539959115.001079,1539959116.001079,ssdp
mixed1.pcap,1539959123.001079,1539959126.001079,ssdp
mixed1.pcap,1539959136.001079,1539959137.001079,ssdp
mixed1.pcap,1539959166.001079,1539959167.001079,ssdp
mixed1.pcap,1539959169.001079,1539959170.001079,ssdp
mixed1.pcap,1539959174.001079,1539959175.001079,ssdp
mixed1.pcap,1539959196.001079,1539959197.001079,ssdp
mixed1.pcap,1539959221.001079,1539959222.001079,ssdp
mixed1.pcap,1539959226.001079,1539959227.001079,ssdp
mixed1.pcap,1539959256.001079,1539959257.001079,ssdp
mixed1.pcap,1539959272.001079,1539959273.001079,ssdp
mixed1.pcap,1539959286.001079,1539959288.001079,ssdp
mixed1.pcap,1539959289.001079,1539959291.001079,ssdp
mixed1.pcap,1539959311.001079,1539959312.001079,ssdp
mixed1.pcap,1539959316.001079,1539959317.001079,ssdp
mixed1.pcap,1539959325.001079,1539959326.001079,ssdp
mixed1.pcap,1539959334.001079,1539959335.001079,ssdp
mixed1.pcap,1539959346.001079,1539959347.001079,ssdp
mixed1.pcap,1539959376.001079,1539959378.001079,ssdp
mixed1.pcap,1539959406.001079,1539959408.001079,ssdp
mixed1.pcap,1539959419.001079,1539959422.001079,ssdp
mixed1.pcap,1539959431.001079,1539959432.001079,ssdp
mixed1.pcap,1539959436.001079,1539959437.001079,ssdp
mixed1.pcap,1539959456.001079,1539959457.001079,ssdp
mixed1.pcap,1539959460.001079,1539959462.001079,ssdp
mixed1.pcap,1539959466.001079,1539959467.001079,ssdp
mixed1.pcap,1539959490.001079,1539959491.001079,ssdp
mixed1.pcap,1539959496.001079,1539959498.001079,ssdp
mixed1.pcap,1539959512.001079,1539959513.001079,ssdp
mixed1.pcap,1539959526.001079,1539959527.001079,ssdp
mixed1.pcap,1539959549.001079,1539959551.001079,ssdp
mixed1.pcap,1539959556.001079,1539959557.001079,ssdp
mixed1.pcap,1539959585.001079,1539959586.001079,ssdp
mixed1.pcap,1539959587.001079,1539959588.001079,ssdp
mixed1.pcap,1539959603.001079,1539959605.001079,ssdp
mixed1.pcap,1539959615.001079,1539959616.001079,ssdp
mixed1.pcap,1539959645.001079,1539959646.001079,ssdp
mixed1.pcap,1539959656.001079,1539959657.001079,ssdp
mixed1.pcap,1539959675.001079,1539959676.001079,ssdp
mixed1.pcap,1539959705.001079,1539959707.001079,ssdp
mixed1.pcap,1539959735.001079,1539959736.001079,ssdp
mixed1.pcap,1539959760.001079,1539959761.001079,ssdp
mixed1.pcap,1539959765.001079,1539959766.001079,ssdp
mixed1.pcap,1539959795.001079,1539959796.001079,ssdp
mixed1.pcap,1539959812.001079,1539959813.001079,ssdp
mixed1.pcap,1539959825.001079,1539959826.001079,ssdp
mixed1.pcap,1539959855.001079,1539959856.001079,ssdp
mixed1.pcap,1539959863.001079,1539959864.001079,ssdp
mixed1.pcap,1539959885.001079,1539959887.001079,ssdp
mixed1.pcap,1539959901.001079,1539959902.001079,ssdp
mixed1.pcap,1539959911.001079,1539959912.001079,ssdp
mixed1.pcap,1539959915.001079,1539959916.001079,ssdp
mixed1.pcap,1539959923.001079,1539959924.001079,ssdp
mixed1.pcap,1539959925.001079,1539959926.001079,ssdp
mixed1.pcap,1539959927.001079,1539959928.001079,ssdp
mixed1.pcap,1539959941.001079,1539959942.001079,ssdp
mixed1.pcap,1539959945.001079,1539959946.001079,ssdp
mixed1.pcap,1539959969.001079,1539959970.001079,ssdp
mixed1.pcap,1539959975.001079,1539959976.001079,ssdp
mixed1.pcap,1539960005.001079,1539960006.001079,ssdp
mixed1.pcap,1539960020.001079,1539960021.001079,ssdp
mixed1.pcap,1539960035.001079,1539960036.001079,ssdp
mixed1.pcap,1539960051.001079,1539960054.001079,ssdp
mixed1.pcap,1539960065.001079,1539960066.001079,ssdp
mixed1.pcap,1539960076.001079,1539960077.001079,ssdp
mixed1.pcap,1539960095.001079,1539960096.001079,ssdp
mixed1.pcap,1539960125.001079,1539960127.001079,ssdp
mixed1.pcap,1539960155.001079,1539960156.001079,ssdp
mixed1.pcap,1539960177.001079,1539960179.001079,ssdp
mixed1.pcap,1539960181.001079,1539960186.001079,ssdp
mixed1.pcap,1539960215.001079,1539960216.001079,ssdp
mixed1.pcap,1539960233.001079,1539960234.001079,ssdp
mixed1.pcap,1539960245.001079,1539960246.001079,ssdp
mixed1.pcap,1539960275.001079,1539960276.001079,ssdp
mixed1.pcap,1539960283.001079,1539960285.001079,ssdp
mixed1.pcap,1539960301.001079,1539960303.001079,ssdp
mixed1.pcap,1539960305.001079,1539960307.001079,ssdp
mixed1.pcap,1539960335.001079,1539960337.001079,ssdp
mixed1.pcap,1539960339.001079,1539960340.001079,ssdp
mixed1.pcap,1539960365.001079,1539960367.001079,ssdp
mixed1.pcap,1539960395.001079,1539960397.001079,ssdp
mixed1.pcap,1539960403.001079,1539960405.001079,ssdp
mixed1.pcap,1539960425.001079,1539960427.001079,ssdp
mixed1.pcap,1539960446.001079,1539960447.001079,ssdp
mixed1.pcap,1539960455.001079,1539960458.001079,ssdp
mixed1.pcap,1539960485.001079,1539960487.001079,ssdp
mixed1.pcap,1539960490.001079,1539960491.001079,ssdp
mixed1.pcap,1539960492.001079,1539960493.001079,ssdp
mixed1.pcap,1539960511.001079,1539960512.001079,ssdp
mixed1.pcap,1539960515.001079,1539960517.001079,ssdp
mixed1.pcap,1539960545.001079,1539960547.001079,ssdp
mixed1.pcap,1539960562.001079,1539960563.001079,ssdp
mixed1.pcap,1539960575.001079,1539960577.001079,ssdp
mixed1.pcap,1539960605.001079,1539960607.001079,ssdp
mixed1.pcap,1539960612.001079,1539960614.001079,ssdp
mixed1.pcap,1539960635.001079,1539960637.001079,ssdp
mixed1.pcap,1539960664.001079,1539960670.001079,ssdp
mixed1.pcap,1539960695.001079,1539960697.001079,ssdp
mixed1.pcap,1539960718.001079,1539960719.001079,ssdp
mixed1.pcap,1539960725.001079,1539960727.001079,ssdp
mixed1.pcap,1539960755.001079,1539960757.001079,ssdp
mixed1.pcap,1539960768.001079,1539960769.001079,ssdp
mixed1.pcap,1539960774.001079,1539960775.001079,ssdp
mixed1.pcap,1539960785.001079,1539960787.001079,ssdp
mixed1.pcap,1539960802.001079,1539960803.001079,ssdp
mixed1.pcap,1539960811.001079,1539960814.001079,ssdp
mixed1.pcap,1539960815.001079,1539960817.001079,ssdp
mixed1.pcap,1539960824.001079,1539960825.001079,ssdp
mixed1.pcap,1539960845.001079,1539960847.001079,ssdp
mixed1.pcap,1539960874.001079,1539960877.001079,ssdp
mixed1.pcap,1539960879.001079,1539960880.001079,ssdp
mixed1.pcap,1539960905.001079,1539960907.001079,ssdp
mixed1.pcap,1539960925.001079,1539960926.001079,ssdp
mixed1.pcap,1539960932.001079,1539960937.001079,ssdp
mixed1.pcap,1539960946.001079,1539960947.001079,ssdp
mixed1.pcap,1539960965.001079,1539960967.001079,ssdp
mixed1.pcap,1539960981.001079,1539960982.001079,ssdp
mixed1.pcap,1539960996.001079,1539960997.001079,ssdp
mixed1.pcap,1539961026.001079,1539961027.001079,ssdp
mixed1.pcap,1539961032.001079,1539961033.001079,ssdp
mixed1.pcap,1539961041.001079,1539961042.001079,ssdp
mixed1.pcap,1539961056.001079,1539961057.001079,ssdp
mixed1.pcap,1539961064.001079,1539961065.001079,ssdp
mixed1.pcap,1539961085.001079,1539961086.001079,ssdp
mixed1.pcap,1539961111.001079,1539961112.001079,ssdp
mixed1.pcap,1539961115.001079,1539961116.001079,ssdp
mixed1.pcap,1539961117.001079,1539961118.001079,ssdp
mixed1.pcap,1539961119.001079,1539961120.001079,ssdp
mixed1.pcap,1539961137.001079,1539961139.001079,ssdp
mixed1.pcap,1539961145.001079,1539961146.001079,ssdp
mixed1.pcap,1539961175.001079,1539961176.001079,ssdp
mixed1.pcap,1539961188.001079,1539961189.001079,ssdp
mixed1.pcap,1539961193.001079,1539961194.001079,ssdp
mixed1.pcap,1539961196.001079,1539961197.001079,ssdp
mixed1.pcap,1539961205.001079,1539961206.001079,ssdp
mixed1.pcap,1539961235.001079,1539961236.001079,ssdp
mixed1.pcap,1539961242.001079,1539961243.001079,ssdp
mixed1.pcap,1539961265.001079,1539961266.001079,ssdp
mixed1.pcap,1539961269.001079,1539961270.001079,ssdp
mixed1.pcap,1539961295.001079,1539961296.001079,ssdp
mixed1.pcap,1539961309.001079,1539961310.001079,ssdp
mixed1.pcap,1539961325.001079,1539961327.001079,ssdp
mixed1.pcap,1539961353.001079,1539961354.001079,ssdp
mixed1.pcap,1539961355.001079,1539961357.001079,ssdp
mixed1.pcap,1539961362.001079,1539961364.001079,ssdp
mixed1.pcap,1539961385.001079,1539961387.001079,ssdp
mixed1.pcap,1539961413.001079,1539961414.001079,ssdp
mixed1.pcap,1539961415.001079,1539961417.001079,ssdp
mixed1.pcap,1539961427.001079,1539961428.001079,ssdp
mixed1.pcap,1539961445.001079,1539961447.001079,ssdp
mixed1.pcap,1539961465.001079,1539961467.001079,ssdp
mixed1.pcap,1539961475.001079,1539961477.001079,ssdp
mixed1.pcap,1539961488.001079,1539961489.001079,ssdp
mixed1.pcap,1539961490.001079,1539961492.001079,ssdp
mixed1.pcap,1539961505.001079,1539961507.001079,ssdp
mixed1.pcap,1539961520.001079,1539961521.001079,ssdp
mixed1.pcap,1539961535.001079,1539961537.001079,ssdp
mixed1.pcap,1539961554.001079,1539961556.001079,ssdp
mixed1.pcap,1539961565.001079,1539961567.001079,ssdp
mixed1.pcap,1539961572.001079,1539961574.001079,ssdp
mixed1.pcap,1539961595.001079,1539961597.001079,ssdp
mixed1.pcap,1539961623.001079,1539961624.001079,ssdp
mixed1.pcap,1539961625.001079,1539961627.001079,ssdp
mixed1.pcap,1539961634.001079,1539961635.001079,ssdp
mixed1.pcap,1539961655.001079,1539961657.001079,ssdp
mixed1.pcap,1539961676.001079,1539961677.001079,ssdp
mixed1.pcap,1539961685.001079,1539961687.001079,ssdp
mixed1.pcap,1539961709.001079,1539961711.001079,ssdp
mixed1.pcap,1539961715.001079,1539961717.001079,ssdp
mixed1.pcap,1539961729.001079,1539961730.001079,ssdp
mixed1.pcap,1539961735.001079,1539961736.001079,ssdp
mixed1.pcap,1539961745.001079,1539961747.001079,ssdp
mixed1.pcap,1539961775.001079,1539961777.001079,ssdp
mixed1.pcap,1539961779.001079,1539961781.001079,ssdp
mixed1.pcap,1539961782.001079,1539961783.001079,ssdp
mixed1.pcap,1539961784.001079,1539961787.001079,ssdp
mixed1.pcap,1539961805.001079,1539961807.001079,ssdp
mixed1.pcap,1539961833.001079,1539961837.001079,ssdp
mixed1.pcap,1539961865.001079,1539961867.001079,ssdp
mixed1.pcap,1539961872.001079,1539961874.001079,ssdp
mixed1.pcap,1539961886.001079,1539961887.001079,ssdp
mixed1.pcap,1539961895.001079,1539961897.001079,ssdp
mixed1.pcap,1539961912.001079,1539961914.001079,ssdp
mixed1.pcap,1539961925.001079,1539961927.001079,ssdp
mixed1.pcap,1539961940.001079,1539961941.001079,ssdp
mixed1.pcap,1539961955.001079,1539961957.001079,ssdp
mixed1.pcap,1539961975.001079,1539961976.001079,ssdp
mixed1.pcap,1539961985.001079,1539961987.001079,ssdp
mixed1.pcap,1539961990.001079,1539961992.001079,ssdp
mixed1.pcap,1539962015.001079,1539962017.001079,ssdp
mixed1.pcap,1539962034.001079,1539962035.001079,ssdp
mixed1.pcap,1539962043.001079,1539962047.001079,ssdp
mixed1.pcap,1539962076.001079,1539962077.001079,ssdp
mixed1.pcap,1539962097.001079,1539962098.001079,ssdp
mixed1.pcap,1539962106.001079,1539962107.001079,ssdp
mixed1.pcap,1539962136.001079,1539962137.001079,ssdp
mixed1.pcap,1539962147.001079,1539962148.001079,ssdp
mixed1.pcap,1539962163.001079,1539962164.001079,ssdp
mixed1.pcap,1539962166.001079,1539962167.001079,ssdp
mixed1.pcap,1539962171.001079,1539962172.001079,ssdp
mixed1.pcap,1539962185.001079,1539962186.001079,ssdp
mixed1.pcap,1539962192.001079,1539962193.001079,ssdp
mixed1.pcap,1539962196.001079,1539962197.001079,ssdp
mixed1.pcap,1539962203.001079,1539962206.001079,ssdp
mixed1.pcap,1539962218.001079,1539962219.001079,ssdp
mixed1.pcap,1539962226.001079,1539962227.001079,ssdp
mixed1.pcap,1539962251.001079,1539962252.001079,ssdp
mixed1.pcap,1539962256.001079,1539962257.001079,ssdp
mixed1.pcap,1539962269.001079,1539962270.001079,ssdp
mixed1.pcap,1539962286.001079,1539962287.001079,ssdp
mixed1.pcap,1539962316.001079,1539962317.001079,ssdp
mixed1.pcap,1539962319.001079,1539962321.001079,ssdp
mixed1.pcap,1539962329.001079,1539962330.001079,ssdp
mixed1.pcap,1539962346.001079,1539962347.001079,ssdp
mixed1.pcap,1539962350.001079,1539962352.001079,ssdp
mixed1.pcap,1539962375.001079,1539962377.001079,ssdp
mixed1.pcap,1539962406.001079,1539962407.001079,ssdp
mixed1.pcap,1539962425.001079,1539962426.001079,ssdp
mixed1.pcap,1539962436.001079,1539962437.001079,ssdp
mixed1.pcap,1539962466.001079,1539962467.001079,ssdp
mixed1.pcap,1539962476.001079,1539962477.001079,ssdp
mixed1.pcap,1539962495.001079,1539962498.001079,ssdp
mixed1.pcap,1539962505.001079,1539962508.001079,ssdp
mixed1.pcap,1539962525.001079,1539962527.001079,ssdp
mixed1.pcap,1539962531.001079,1539962532.001079,ssdp
mixed1.pcap,1539962555.001079,1539962557.001079,ssdp
mixed1.pcap,1539962575.001079,1539962576.001079,ssdp
mixed1.pcap,1539962582.001079,1539962583.001079,ssdp
mixed1.pcap,1539962585.001079,1539962587.001079,ssdp
mixed1.pcap,1539962615.001079,1539962617.001079,ssdp
mixed1.pcap,1539962634.001079,1539962637.001079,ssdp
mixed1.pcap,1539962645.001079,1539962647.001079,ssdp
mixed1.pcap,1539962663.001079,1539962664.001079,ssdp
mixed1.pcap,1539962665.001079,1539962666.001079,ssdp
mixed1.pcap,1539962667.001079,1539962668.001079,ssdp
mixed1.pcap,1539962675.001079,1539962677.001079,ssdp
mixed1.pcap,1539962688.001079,1539962689.001079,ssdp
mixed1.pcap,1539962705.001079,1539962707.001079,ssdp
mixed1.pcap,1539962735.001079,1539962737.001079,ssdp
mixed1.pcap,1539962738.001079,1539962740.001079,ssdp
mixed1.pcap,1539962757.001079,1539962758.001079,ssdp
mixed1.pcap,1539962759.001079,1539962760.001079,ssdp
mixed1.pcap,1539962765.001079,1539962767.001079,ssdp
mixed1.pcap,1539962793.001079,1539962794.001079,ssdp
mixed1.pcap,1539962795.001079,1539962797.001079,ssdp
mixed1.pcap,1539962800.001079,1539962801.001079,ssdp
mixed1.pcap,1539962825.001079,1539962827.001079,ssdp
mixed1.pcap,1539962845.001079,1539962847.001079,ssdp
mixed1.pcap,1539962855.001079,1539962857.001079,ssdp
mixed1.pcap,1539962886.001079,1539962887.001079,ssdp
mixed1.pcap,1539962896.001079,1539962897.001079,ssdp
mixed1.pcap,1539962916.001079,1539962917.001079,ssdp
mixed1.pcap,1539962927.001079,1539962928.001079,ssdp
mixed1.pcap,1539962946.001079,1539962947.001079,ssdp
mixed1.pcap,1539962951.001079,1539962952.001079,ssdp
mixed1.pcap,1539962976.001079,1539962977.001079,ssdp
mixed1.pcap,1539962985.001079,1539962986.001079,ssdp
mixed1.pcap,1539963002.001079,1539963003.001079,ssdp
mixed1.pcap,1539963006.001079,1539963007.001079,ssdp
mixed1.pcap,1539963036.001079,1539963037.001079,ssdp
mixed1.pcap,1539963052.001079,1539963053.001079,ssdp
mixed1.pcap,1539963059.001079,1539963061.001079,ssdp
mixed1.pcap,1539963066.001079,1539963067.001079,ssdp
mixed1.pcap,1539963095.001079,1539963098.001079,ssdp
mixed1.pcap,1539963124.001079,1539963125.001079,ssdp
mixed1.pcap,1539963126.001079,1539963127.001079,ssdp
mixed1.pcap,1539963156.001079,1539963157.001079,ssdp
mixed1.pcap,1539963174.001079,1539963175.001079,ssdp
mixed1.pcap,1539963186.001079,1539963187.001079,ssdp
mixed1.pcap,1539963196.001079,1539963197.001079,ssdp
mixed1.pcap,1539963200.001079,1539963201.001079,ssdp
mixed1.pcap,1539963216.001079,1539963217.001079,ssdp
mixed1.pcap,1539963224.001079,1539963227.001079,ssdp
mixed1.pcap,1539963230.001079,1539963231.001079,ssdp
mixed1.pcap,1539963246.001079,1539963247.001079,ssdp
mixed1.pcap,1539963276.001079,1539963277.001079,ssdp
mixed1.pcap,1539963281.001079,1539963282.001079,ssdp
mixed1.pcap,1539963306.001079,1539963307.001079,ssdp
mixed1.pcap,1539963331.001079,1539963332.001079,ssdp
mixed1.pcap,1539963336.001079,1539963337.001079,ssdp
mixed1.pcap,1539963353.001079,1539963354.001079,ssdp
mixed1.pcap,1539963366.001079,1539963367.001079,ssdp
mixed1.pcap,1539963376.001079,1539963378.001079,ssdp
mixed1.pcap,1539963388.001079,1539963389.001079,ssdp
mixed1.pcap,1539963396.001079,1539963397.001079,ssdp
mixed1.pcap,1539963426.001079,1539963427.001079,ssdp
mixed1.pcap,1539963438.001079,1539963439.001079,ssdp
mixed1.pcap,1539963456.001079,1539963457.001079,ssdp
mixed1.pcap,1539963486.001079,1539963487.001079,ssdp
mixed1.pcap,1539963489.001079,1539963490.001079,ssdp
mixed1.pcap,1539963491.001079,1539963492.001079,ssdp
mixed1.pcap,1539963516.001079,1539963518.001079,ssdp
mixed1.pcap,1539963528.001079,1539963530.001079,ssdp
mixed1.pcap,1539963545.001079,1539963547.001079,ssdp
mixed1.pcap,1539963576.001079,1539963577.001079,ssdp
mixed1.pcap,1539963595.001079,1539963596.001079,ssdp
mixed1.pcap,1539963606.001079,1539963607.001079,ssdp
mixed1.pcap,1539963636.001079,1539963637.001079,ssdp
mixed1.pcap,1539963646.001079,1539963647.001079,ssdp
mixed1.pcap,1539963652.001079,1539963653.001079,ssdp
mixed1.pcap,1539963666.001079,1539963667.001079,ssdp
mixed1.pcap,1539963695.001079,1539963696.001079,ssdp
mixed1.pcap,1539963699.001079,1539963701.001079,ssdp
mixed1.pcap,1539963705.001079,1539963706.001079,ssdp
mixed1.pcap,1539963725.001079,1539963726.001079,ssdp
mixed1.pcap,1539963751.001079,1539963752.001079,ssdp
mixed1.pcap,1539963755.001079,1539963756.001079,ssdp
mixed1.pcap,1539963785.001079,1539963786.001079,ssdp
mixed1.pcap,1539963796.001079,1539963797.001079,ssdp
mixed1.pcap,1539963803.001079,1539963804.001079,ssdp
mixed1.pcap,1539963815.001079,1539963816.001079,ssdp
mixed1.pcap,1539963833.001079,1539963834.001079,ssdp
mixed1.pcap,1539963835.001079,1539963837.001079,ssdp
mixed1.pcap,1539963845.001079,1539963846.001079,ssdp
mixed1.pcap,1539963856.001079,1539963858.001079,ssdp
mixed1.pcap,1539963875.001079,1539963876.001079,ssdp
mixed1.pcap,1539963905.001079,1539963908.001079,ssdp
mixed1.pcap,1539963935.001079,1539963937.001079,ssdp
mixed1.pcap,1539963958.001079,1539963959.001079,ssdp
mixed1.pcap,1539963965.001079,1539963967.001079,ssdp
mixed1.pcap,1539963970.001079,1539963971.001079,ssdp
mixed1.pcap,1539963972.001079,1539963973.001079,ssdp
mixed1.pcap,1539963974.001079,1539963975.001079,ssdp
mixed1.pcap,1539963995.001079,1539963997.001079,ssdp
mixed1.pcap,1539964025.001079,1539964027.001079,ssdp
mixed1.pcap,1539964055.001079,1539964057.001079,ssdp
mixed1.pcap,1539964076.001079,1539964077.001079,ssdp
mixed1.pcap,1539964085.001079,1539964087.001079,ssdp
mixed1.pcap,1539964091.001079,1539964092.001079,ssdp
mixed1.pcap,1539964115.001079,1539964117.001079,ssdp
mixed1.pcap,1539964127.001079,1539964128.001079,ssdp
mixed1.pcap,1539964140.001079,1539964141.001079,ssdp
mixed1.pcap,1539964142.001079,1539964143.001079,ssdp
mixed1.pcap,1539964145.001079,1539964147.001079,ssdp
mixed1.pcap,1539964175.001079,1539964177.001079,ssdp
mixed1.pcap,1539964179.001079,1539964180.001079,ssdp
mixed1.pcap,1539964205.001079,1539964207.001079,ssdp
mixed1.pcap,1539964229.001079,1539964230.001079,ssdp
mixed1.pcap,1539964235.001079,1539964237.001079,ssdp
mixed1.pcap,1539964265.001079,1539964267.001079,ssdp
mixed1.pcap,1539964279.001079,1539964283.001079,ssdp
mixed1.pcap,1539964295.001079,1539964297.001079,ssdp
mixed1.pcap,1539964325.001079,1539964327.001079,ssdp
mixed1.pcap,1539964332.001079,1539964333.001079,ssdp
mixed1.pcap,1539964355.001079,1539964357.001079,ssdp
mixed1.pcap,1539964383.001079,1539964384.001079,ssdp
mixed1.pcap,1539964385.001079,1539964387.001079,ssdp
mixed1.pcap,1539964400.001079,1539964401.001079,ssdp
mixed1.pcap,1539964415.001079,1539964420.001079,ssdp
mixed1.pcap,1539964435.001079,1539964436.001079,ssdp
mixed1.pcap,1539964445.001079,1539964447.001079,ssdp
mixed1.pcap,1539964450.001079,1539964451.001079,ssdp
mixed1.pcap,1539964475.001079,1539964477.001079,ssdp
mixed1.pcap,1539964486.001079,1539964487.001079,ssdp
mixed1.pcap,1539964506.001079,1539964507.001079,ssdp
mixed1.pcap,1539964536.001079,1539964538.001079,ssdp
mixed1.pcap,1539964554.001079,1539964555.001079,ssdp
mixed1.pcap,1539964556.001079,1539964557.001079,ssdp
mixed1.pcap,1539964566.001079,1539964567.001079,ssdp
mixed1.pcap,1539964589.001079,1539964590.001079,ssdp
mixed1.pcap,1539964596.001079,1539964597.001079,ssdp
mixed1.pcap,1539964626.001079,1539964627.001079,ssdp
mixed1.pcap,1539964639.001079,1539964641.001079,ssdp
mixed1.pcap,1539964656.001079,1539964657.001079,ssdp
mixed1.pcap,1539964686.001079,1539964687.001079,ssdp
mixed1.pcap,1539964689.001079,1539964691.001079,ssdp
mixed1.pcap,1539964716.001079,1539964717.001079,ssdp
mixed1.pcap,1539964721.001079,1539964724.001079,ssdp
mixed1.pcap,1539964743.001079,1539964744.001079,ssdp
mixed1.pcap,1539964746.001079,1539964747.001079,ssdp
mixed1.pcap,1539964753.001079,1539964754.001079,ssdp
mixed1.pcap,1539964776.001079,1539964777.001079,ssdp
mixed1.pcap,1539964793.001079,1539964794.001079,ssdp
mixed1.pcap,1539964806.001079,1539964807.001079,ssdp
mixed1.pcap,1539964836.001079,1539964837.001079,ssdp
mixed1.pcap,1539964844.001079,1539964845.001079,ssdp
mixed1.pcap,1539964859.001079,1539964862.001079,ssdp
mixed1.pcap,1539964866.001079,1539964867.001079,ssdp
mixed1.pcap,1539964896.001079,1539964898.001079,ssdp
mixed1.pcap,1539964912.001079,1539964913.001079,ssdp
mixed1.pcap,1539964926.001079,1539964927.001079,ssdp
mixed1.pcap,1539964956.001079,1539964957.001079,ssdp
mixed1.pcap,1539964963.001079,1539964964.001079,ssdp
mixed1.pcap,1539964986.001079,1539964987.001079,ssdp
mixed1.pcap,1539964989.001079,1539964991.001079,ssdp
mixed1.pcap,1539965014.001079,1539965015.001079,ssdp
mixed1.pcap,1539965016.001079,1539965017.001079,ssdp
mixed1.pcap,1539965046.001079,1539965047.001079,ssdp
mixed1.pcap,1539965065.001079,1539965066.001079,ssdp
mixed1.pcap,1539965076.001079,1539965077.001079,ssdp
mixed1.pcap,1539965106.001079,1539965107.001079,ssdp
mixed1.pcap,1539965115.001079,1539965117.001079,ssdp
mixed1.pcap,1539965136.001079,1539965137.001079,ssdp
mixed1.pcap,1539965166.001079,1539965167.001079,ssdp
mixed1.pcap,1539965168.001079,1539965170.001079,ssdp
mixed1.pcap,1539965196.001079,1539965197.001079,ssdp
mixed1.pcap,1539965218.001079,1539965219.001079,ssdp
mixed1.pcap,1539965226.001079,1539965227.001079,ssdp
mixed1.pcap,1539965256.001079,1539965257.001079,ssdp
mixed1.pcap,1539965268.001079,1539965270.001079,ssdp
mixed1.pcap,1539965286.001079,1539965287.001079,ssdp
mixed1.pcap,1539965298.001079,1539965301.001079,ssdp
mixed1.pcap,1539965316.001079,1539965317.001079,ssdp
mixed1.pcap,1539965320.001079,1539965322.001079,ssdp
mixed1.pcap,1539965346.001079,1539965347.001079,ssdp
mixed1.pcap,1539965371.001079,1539965372.001079,ssdp
mixed1.pcap,1539965376.001079,1539965377.001079,ssdp
mixed1.pcap,1539965406.001079,1539965407.001079,ssdp
mixed1.pcap,1539965422.001079,1539965423.001079,ssdp
mixed1.pcap,1539965431.001079,1539965432.001079,ssdp
mixed1.pcap,1539965433.001079,1539965435.001079,ssdp
mixed1.pcap,1539965436.001079,1539965437.001079,ssdp
mixed1.pcap,1539965466.001079,1539965467.001079,ssdp
mixed1.pcap,1539965474.001079,1539965475.001079,ssdp
mixed1.pcap,1539965496.001079,1539965497.001079,ssdp
mixed1.pcap,1539965524.001079,1539965525.001079,ssdp
mixed1.pcap,1539965526.001079,1539965527.001079,ssdp
mixed1.pcap,1539965556.001079,1539965557.001079,ssdp
mixed1.pcap,1539965558.001079,1539965559.001079,ssdp
mixed1.pcap,1539965560.001079,1539965561.001079,ssdp
mixed1.pcap,1539965576.001079,1539965578.001079,ssdp
mixed1.pcap,1539965586.001079,1539965587.001079,ssdp
mixed1.pcap,1539965616.001079,1539965617.001079,ssdp
mixed1.pcap,1539965627.001079,1539965628.001079,ssdp
mixed1.pcap,1539965646.001079,1539965647.001079,ssdp
mixed1.pcap,1539965676.001079,1539965677.001079,ssdp
mixed1.pcap,1539965678.001079,1539965679.001079,ssdp
mixed1.pcap,1539965690.001079,1539965692.001079,ssdp
mixed1.pcap,1539965706.001079,1539965707.001079,ssdp
mixed1.pcap,1539965730.001079,1539965731.001079,ssdp
mixed1.pcap,1539965736.001079,1539965737.001079,ssdp
mixed1.pcap,1539965766.001079,1539965767.001079,ssdp
mixed1.pcap,1539965783.001079,1539965784.001079,ssdp
mixed1.pcap,1539965796.001079,1539965797.001079,ssdp
mixed1.pcap,1539965816.001079,1539965818.001079,ssdp
mixed1.pcap,1539965826.001079,1539965827.001079,ssdp
mixed1.pcap,1539965848.001079,1539965850.001079,ssdp
mixed1.pcap,1539965856.001079,1539965857.001079,ssdp
mixed1.pcap,1539965886.001079,1539965887.001079,ssdp
mixed1.pcap,1539965899.001079,1539965900.001079,ssdp
mixed1.pcap,1539965916.001079,1539965917.001079,ssdp
mixed1.pcap,1539965946.001079,1539965949.001079,ssdp
mixed1.pcap,1539965952.001079,1539965953.001079,ssdp
mixed1.pcap,1539965976.001079,1539965977.001079,ssdp
mixed1.pcap,1539966002.001079,1539966003.001079,ssdp
mixed1.pcap,1539966006.001079,1539966007.001079,ssdp
mixed1.pcap,1539966036.001079,1539966038.001079,ssdp
mixed1.pcap,1539966053.001079,1539966054.001079,ssdp
mixed1.pcap,1539966066.001079,1539966068.001079,ssdp
mixed1.pcap,1539966096.001079,1539966098.001079,ssdp
mixed1.pcap,1539966099.001079,1539966102.001079,ssdp
mixed1.pcap,1539966105.001079,1539966106.001079,ssdp
mixed1.pcap,1539966126.001079,1539966128.001079,ssdp
mixed1.pcap,1539966156.001079,1539966158.001079,ssdp
mixed1.pcap,1539966186.001079,1539966188.001079,ssdp
mixed1.pcap,1539966206.001079,1539966208.001079,ssdp
mixed1.pcap,1539966216.001079,1539966218.001079,ssdp
mixed1.pcap,1539966233.001079,1539966234.001079,ssdp
mixed1.pcap,1539966242.001079,1539966245.001079,ssdp
mixed1.pcap,1539966246.001079,1539966248.001079,ssdp
mixed1.pcap,1539966259.001079,1539966260.001079,ssdp
mixed1.pcap,1539966276.001079,1539966278.001079,ssdp
mixed1.pcap,1539966306.001079,1539966308.001079,ssdp
mixed1.pcap,1539966310.001079,1539966311.001079,ssdp
mixed1.pcap,1539966336.001079,1539966338.001079,ssdp
mixed1.pcap,1539966360.001079,1539966362.001079,ssdp
mixed1.pcap,1539966366.001079,1539966368.001079,ssdp
mixed1.pcap,1539966379.001079,1539966381.001079,ssdp
mixed1.pcap,1539966396.001079,1539966398.001079,ssdp
mixed1.pcap,1539966412.001079,1539966413.001079,ssdp
mixed1.pcap,1539966426.001079,1539966428.001079,ssdp
mixed1.pcap,1539966456.001079,1539966458.001079,ssdp
mixed1.pcap,1539966463.001079,1539966464.001079,ssdp
mixed1.pcap,1539966486.001079,1539966488.001079,ssdp
mixed1.pcap,1539966513.001079,1539966514.001079,ssdp
mixed1.pcap,1539966516.001079,1539966518.001079,ssdp
mixed1.pcap,1539966523.001079,1539966524.001079,ssdp
mixed1.pcap,1539966546.001079,1539966548.001079,ssdp
mixed1.pcap,1539966565.001079,1539966566.001079,ssdp
mixed1.pcap,1539966576.001079,1539966578.001079,ssdp
mixed1.pcap,1539966606.001079,1539966608.001079,ssdp
mixed1.pcap,1539966616.001079,1539966617.001079,ssdp
mixed1.pcap,1539966637.001079,1539966638.001079,ssdp
mixed1.pcap,1539966658.001079,1539966659.001079,ssdp
mixed1.pcap,1539966666.001079,1539966668.001079,ssdp
mixed1.pcap,1539966680.001079,1539966681.001079,ssdp
mixed1.pcap,1539966696.001079,1539966698.001079,ssdp
mixed1.pcap,1539966702.001079,1539966704.001079,ssdp
mixed1.pcap,1539966726.001079,1539966728.001079,ssdp
mixed1.pcap,1539966732.001079,1539966733.001079,ssdp
mixed1.pcap,1539966756.001079,1539966758.001079,ssdp
mixed1.pcap,1539966782.001079,1539966784.001079,ssdp
mixed1.pcap,1539966786.001079,1539966788.001079,ssdp
mixed1.pcap,1539966816.001079,1539966818.001079,ssdp
mixed1.pcap,1539966833.001079,1539966834.001079,ssdp
mixed1.pcap,1539966846.001079,1539966848.001079,ssdp
mixed1.pcap,1539966855.001079,1539966856.001079,ssdp
mixed1.pcap,1539966857.001079,1539966858.001079,ssdp
mixed1.pcap,1539966876.001079,1539966878.001079,ssdp
mixed1.pcap,1539966885.001079,1539966886.001079,ssdp
mixed1.pcap,1539966906.001079,1539966908.001079,ssdp
mixed1.pcap,1539966936.001079,1539966938.001079,ssdp
mixed1.pcap,1539966966.001079,1539966968.001079,ssdp
mixed1.pcap,1539966985.001079,1539966987.001079,ssdp
mixed1.pcap,1539966992.001079,1539966993.001079,ssdp
mixed1.pcap,1539966994.001079,1539966995.001079,ssdp
mixed1.pcap,1539966996.001079,1539966998.001079,ssdp
mixed1.pcap,1539967026.001079,1539967028.001079,ssdp
mixed1.pcap,1539967038.001079,1539967040.001079,ssdp
mixed1.pcap,1539967056.001079,1539967058.001079,ssdp
mixed1.pcap,1539967086.001079,1539967088.001079,ssdp
mixed1.pcap,1539967089.001079,1539967090.001079,ssdp
mixed1.pcap,1539967109.001079,1539967110.001079,ssdp
mixed1.pcap,1539967116.001079,1539967118.001079,ssdp
mixed1.pcap,1539967124.001079,1539967126.001079,ssdp
mixed1.pcap,1539967141.001079,1539967143.001079,ssdp
mixed1.pcap,1539967146.001079,1539967148.001079,ssdp
mixed1.pcap,1539967176.001079,1539967178.001079,ssdp
mixed1.pcap,1539967192.001079,1539967193.001079,ssdp
mixed1.pcap,1539967206.001079,1539967208.001079,ssdp
mixed1.pcap,1539967236.001079,1539967238.001079,ssdp
mixed1.pcap,1539967243.001079,1539967244.001079,ssdp
mixed1.pcap,1539967263.001079,1539967265.001079,ssdp
mixed1.pcap,1539967266.001079,1539967268.001079,ssdp
mixed1.pcap,1539967295.001079,1539967298.001079,ssdp
mixed1.pcap,1539967327.001079,1539967328.001079,ssdp
mixed1.pcap,1539967346.001079,1539967347.001079,ssdp
mixed1.pcap,1539967357.001079,1539967358.001079,ssdp
mixed1.pcap,1539967387.001079,1539967388.001079,ssdp
mixed1.pcap,1539967396.001079,1539967397.001079,ssdp
mixed1.pcap,1539967417.001079,1539967418.001079,ssdp
mixed1.pcap,1539967440.001079,1539967443.001079,ssdp
mixed1.pcap,1539967447.001079,1539967448.001079,ssdp
mixed1.pcap,1539967449.001079,1539967450.001079,ssdp
mixed1.pcap,1539967477.001079,1539967478.001079,ssdp
mixed1.pcap,1539967499.001079,1539967500.001079,ssdp
mixed1.pcap,1539967507.001079,1539967508.001079,ssdp
mixed1.pcap,1539967537.001079,1539967538.001079,ssdp
mixed1.pcap,1539967550.001079,1539967551.001079,ssdp
mixed1.pcap,1539967567.001079,1539967568.001079,ssdp
mixed1.pcap,1539967597.001079,1539967598.001079,ssdp
mixed1.pcap,1539967608.001079,1539967611.001079,ssdp
mixed1.pcap,1539967617.001079,1539967618.001079,ssdp
mixed1.pcap,1539967627.001079,1539967628.001079,ssdp
mixed1.pcap,1539967657.001079,1539967658.001079,ssdp
mixed1.pcap,1539967667.001079,1539967668.001079,ssdp
mixed1.pcap,1539967687.001079,1539967688.001079,ssdp
mixed1.pcap,1539967717.001079,1539967719.001079,ssdp
mixed1.pcap,1539967746.001079,1539967747.001079,ssdp
mixed1.pcap,1539967748.001079,1539967749.001079,ssdp
